bitcoin address,wire amount,credit card
1J9DVMtgvnPv4KGHL2XSzoTSt5cBBL1DXe,£8356.92,3543456448666398
1HaiVQbzCTs7t1K1fckYEUi9t8ERBFRR7Q,"€311,06",3584615208479876
1NGPjXfDScEUSZYajAzCkxaVApTbBHC7jP,"€2032,44",6370577480710876
15cSYRTbcrxYinxNxk7VbkPLZG8nypdjy6,¥8155.74,4508652385157398
18j2qG1DH9YduJiBiccAq8Ak897G3E4JyZ,£3265.44,374622922103592
17js1X5yhuGgcianZctDuZCYN9MhZjemMJ,$7582.61,3548758788344311
13hzSfBxdQDs4qQTBKJefZNa3BBBUpdsQM,$6091.71,5411272786938057
13FxRMKPxyjRuHXgxPJyJxuu6UFB1PMHbJ,£4018.08,3574760573036422
1DupqrXnspxMEL6RRfFSL7Fzbce3V3uBaw,£7719.31,5007662202119789
18wq7MMetvLQ12S5aVSFp1ztkJASy2ADrH,¥657.75,5108759983537631
1C5WyUFn7s2p9fjbhgSLTUSeBXZDqbsTn1,¥7820.39,3565621670096563
1JZiTsy8EHr5a5f7hx5vp6LQ9vpStGUZK2,¥5291.92,3555777049792746
1NnnrgMzheDBtLc5MdjjbgQP4ViSfVmcvC,$7715.67,3562833892493550
1BuKuZNEGuCPcZwcdcxPsHwnojjTKpZsEx,£7760.80,3551530810317167
1JwqRogYcTnoN9uLVe3RoJj6AHVTcdZe65,$1242.43,3583828630449026
112hm4rTxkxDncUwnHUiBSb4gEirbnmy1s,$1968.68,5020056194754955
14ZFjt7RyUwQA9Mw9DfaYveBd4rV2VbtyC,"€2998,22",5108753434060319
1Dg8kz3FHhL4pMF79aHSYwVcQa1KFa91YJ,$2805.68,3578612481570180
15xtwuERepoop7Xq9ctq3A6Sgf18DiiqCd,$3373.78,5002357443499505
16KxwaM8MkrtT7Ep9SW9ZZYVVXe6zJeJMe,¥9784.11,5602216736673743
1NiZP6SXjQtNkvutwuTQAQearKYe3tSFKu,¥6758.06,3554525044828648
18824g7tiDHKjcDhXYfarL512oQio4ngDH,£8770.93,5610161660406175
1JZtkpmjsGDowzUtbJyjhZNeDx4SgDahS5,"€9578,07",3535943877286053
1GHcZbZHCdHxuFmygPg7XVfzq8aLmTz8xD,£6611.73,06043508506849700
1EJQuLXrfVWqtBHBFHyDyScVNFtH4RKQGN,¥9469.89,3587013185724224
18KfPFhf9rjKtGTih8emao8a9R69YH8fpg,"€1182,40",337941953403929
1BiJMTMfXcnvjyRncBWyL8vTtTuPGRCe1G,£3160.47,30097987135597
1GHEyWH15yYmynRojByR5mbiZ23b7uuiXY,$7045.75,201600822571596
1LX2yh6qmJeRhNZ9kZikVEgdXCVA7Vinyy,$3139.70,3543111172435920
1P62BRzaHw76ZSB29mE7P6LqJ5CHmEddj6,"€7364,02",3561814025380014
161bCrgUq2fSBp4vaowsUVLP97UvZDy8fi,£3116.86,5020731729308424
1PBPwhzLhfunDimgtCP66uX8U8TKPzkqww,$1255.29,4903652781110692487
1NNxvR214m7g7Y8jwG4tYx1D9p9gDAuTYR,$3405.52,50208675210357988
14n8nYxTKQDngrfTZFEkxfbsQTtR8AuXA5,£1306.27,4041374850510381
1BQEwenFvzjT64DNaRJy8HHEYCYfJ6EB3X,"€6681,32",30177213470859
1JBrKYf9ELodpzYLQmhECpBMwztCjXqGY6,¥9610.23,6762732725836749
1LhZfELqh9HVZc7wUXR5rGE3g3M7suD38P,$4251.14,3557691445494484
1KXzaLevf8fBxS7XpQYJqALXcBMuPw34yb,£6358.48,675993553050645494
1FdH9qkyfGnfQmH1y2PYjRGzx5HL5jf5mb,¥6329.43,3538828492083703
14p2JNKmz7eho5qk8do1osR4XsirnEdv41,"€5306,58",3566298546453093
1CT4FpRr1FaRwSTxgt2SVketmLDpG2Y6n6,$7881.20,3566331573682290
1BHSsZEnL3m8bqhJqnaDnN1SUnYvhhfEpW,"€2108,57",3563592941050444
1Lr1Q2CvdMsohTfNydv8q7VCYnzygZt71q,"€875,66",3560783036894902
121xntfZDNzaaDeK4ZZE81dysnZD1w2YFf,"€8894,94",30075468004441
1NADuRKFgtyNpauA5NQuXWHUBE9fN66sUa,$5327.18,201437881023387
1HL6LY2CxxsXU7EJpE2LwpPd4SRQes1wUS,£7354.98,4201026596139307
1CBvLfvo9KcY8jFDiMiwyQw6ZtsSwtr8i,$4854.18,4913024945375507
17MViPAcZC6dT6PQc3WrQCMgnt5WQnvsKH,¥9010.03,6392393352482386
1PKZwKdSfhpi5PmQYiqsomruoVDLCyrbpT,"€949,92",3587138759452769
12ZiBbqSRxrYA5aRa7ai1cCskwFoc8VeFH,£8411.15,63041875879405771
1C6G5DtWZFVbniH6LXswRfA3Zrt6m6Kjek,£8263.96,5602236888138618
17NU9C3MSmE5k5GGePvVwyUVo3jLFEgVRr,£5705.27,4175000424284637
13XZUFgSBz7iDPjN5FmXQd6UzAaH3tD1JH,"€2980,61",564182958564919771
1KNqhqTCkqPLxxr5GBdLC4CBudj6Nw9Kpu,¥1779.26,3570906704028135
18TAuKxm9Xn61jaijjsg7jfMFdXEbYr4XY,$9821.09,3568585882924291
19mWsWerQ1n6omx5Wb7UM9uWMyYsCG3XQW,"€2187,46",3556222450479847
1PnSSfUdZ97jbrbCZHj4fC3UtjEz1gb1T9,¥2137.41,3548164341582556
14B1yGs4XEBaeXUfDqX4nPGA9kYVhZmxcK,"€1223,72",5536738677402726
19FiGAsCFTeP8gtvoakStkXEh9vig3WGmu,"€8402,87",3561941750284374
1KoWF5GhjppnNXPdYmjqKTm9MspVHPWyGp,£7265.43,3579184004861925
1ADGQwpogijcTFsRpSgSboLkMkr5yCfLCK,£2812.56,5100133861173083
1ASymS7r7c9m9W61i6L8dQ7hTA3ndcfvhG,"€5941,01",3535285585044220
1CN8oZ6gEmjHtcCmTg4nrhdEwX9rSUwWPM,£6514.90,50182273026612315
13jtV3C8L1L8d2udUVepVtZnMGszrxoy3p,$9815.79,5425637220466150
1AKZjLhEGff5CJFiojPhg3HPjv76zjfjtt,"€5936,11",5240460806593419
1GqaJVsRqggki49AKb3Y133kiLohmCDyDU,"€4221,54",3577252642285203
1GpjvNH5UqYrd4ko2gs3xqftGy9t3HmLrT,£1496.31,6380610156137872
18kXd5Lto6Hyhitg8sWKBkZFWnJVTSdtfC,¥2728.03,6763449540592435631
1F6aAYwUHGqVAKmJYGfDnuE4Vo4acJeFn6,$5944.40,3574652334193131
1C4QcaEx4m3UARLxyBBKGdknw7TTzA4GY7,"€6570,44",3581387662268905
1LeoJQZkPxDMQLQkGshnrxQvHVNcHSbJvb,"€8075,64",3551296556095652
1Kghvg87GQfiC6U1AexL1YJAd2EKnawmMS,"€947,08",5100139055806974
1JScBdh2RuK2pLxUwnoPuyuwswvZ3jPnbd,£9637.16,3558504868497125
15h5fuhjjwTPbCw366pTmJJHzxRj29KeCz,"€9321,58",3540811377590279
1N1iM9cyLYTh9RM1DvHtPDcUSzdps6QpUL,¥8342.38,3580222888926419
1EZfJWvz6NS5owjwyQPZyZhtYR9LQPpqju,£3653.30,3565609448198472
1kJ99xdukJYMctAm31t2EfnUhyuuKjb4x,$704.74,30499215534213
1PEWy2c6phsJunTfZ1X2kJQ2vCnvGxQHgc,£9663.87,3536179963644710
13WpQhRBfX4KTdw5hcVRygBN8qy1e7vTKg,$5272.08,5440767124022550
1PcSrrTGz726bQgHEf9yoqhJpXKtYawbC2,"€9095,24",491146177943611600
1HgHT1iBNjoKuU9fzuKMyGXRFSo8hWLFBu,"€1731,68",5002357165675670
1ELztN6jnGTwUCfFr3SfJ1GujbTGfc8ngB,$2942.44,4041596459636
1Pzr3buNadPAqyBaTqB9438nh3vAL3b3Zq,¥6696.79,67093862052871696
1Pt4fD4Krp6QL1JTMZH2Vx9QxMPTidBkoa,£1191.71,56022468965200152
1Coo74sHsXyb26ALEFSuL2DScuCt9qMgSK,$8728.74,3563120383714887
1BT3YwDaVHm79ZoTEPVCyHtBkgSWDinNak,£9809.54,5100563851464219
18mgwtMDw2MTkBMVM284v3eWiFHtYrXNPA,¥5916.11,4913248264039978
1JCjERep5QLYt6MgEwbq7KBt1f9MX3aKFE,¥2082.46,633110965232573021
16c7U37niVEAUtzSLc3RuAMDmKD8W1Y45T,$1560.80,3587576712216294
1LNQzXsWN9HG1a6v9UfVg42VvX9hPnjb5a,¥2325.59,3572159349120267
14hsHSxdwG1cmVt64H2NECnsrxmgi9f3oe,¥2633.86,6304931292217359
18EYAq5UyoXxCmZmo18tcbUu8m1UeNou5c,£2324.38,3561403453987191
1GQo3B4v4X1gAWbbAFFSdizcs5BdQLFKPA,$4010.34,4917419463714507
12VgeX1pnnwrGQEoP1BBAoT11NCuN6vUQV,£3050.32,4913739170830823
1Bo3bT8Yq1BwomwDzWcBwARzJ5EMd4hYte,$7156.45,6333286362995763
19KYxwHJBKsfKiEoDAJwpcLomLv5vwM8h5,£5487.20,201673992187063
163WQ7eYSB7VMoKDPCBU5BhDutTZrWFeoL,"€8306,32",6304335926034091
14x7dTmRhQdVbGiJgaTgkdLu5umZ8Gg9bq,$4554.82,4175009717330007
1GQEpZBHvLZi6Jupv7L3G9fsUJBXzouiim,£705.71,5007665072366422
15KdqbBCyVMMqKbUxdCX3jbfYt7SZ8bErN,¥2111.30,6771826297233268444
1PRZ7BpYzU8PaeGLFWco3TDeUDw7MKFqaV,$7668.00,3581187434359499
1BqEN9esN2iLuJVZvR14vL4Cu8PRMd72Rc,£936.52,6762879605059439953
1CXTeW8gryZ1sYKwun7JSibCVQvCMLnHDF,£3750.57,5554633487024082
1HxL8Z2cSpDhmtDXcEC1iJQkqMarQaXtZY,$1597.60,3571907176748928
1HExUBqPwuFC9VzjU1vUaSdj9NH9RpRTHU,£8375.07,4911436028117311422
16mYWrbua1EAnssJogJmE4oeetNTFpggMo,¥4047.89,5602251522974781
1PBtf8XabwDTJsF5dC1kS3hwUT7sSPcMFm,¥4151.07,5262093598326905
17inj7K8w3YjSf3cvvkopspsjvxZja2ict,¥5898.46,4913075104550371
18VN3buAeBZJ8Kcdzsdsdbmr6F3CZa36H9,$5741.24,3582019682151212
19g2QR7TVSPUxFHaWXrFGR4b7V2pnM3ZYz,£2273.01,3562357253766321
1AC4vTybES6dZKqb26PomdEZdJGT54sEkY,¥7334.53,5100139580251175
1Edao4p8naxJZnebJw5dN4ohwr82nqutGe,£4402.21,3580686102414446
1BcvJD6YJFimfLTbc6HumVSppqTdj2ZMZq,$7576.87,3554011799822748
1MwHbpWMs7apvzujv2y5VGBBmwHpJSwbF7,£832.09,3533742934044287
1BxvcRCfewT6zK4K69HYsV56QL5J9VF5mJ,"€4873,54",3547915321453618
15qP9viSHwk3NRa2MZsALybyWxavWJSBZn,$736.79,3585555364671206
191yPvaSyuXK7X1tv8b3bDJ99kWFgYUiSU,£3941.95,3578250187209264
1PtigDBjyyhfWefRNG1dzo8Qt5ascmM7AU,$6925.52,373665783156549
1G9RnZSSDeveoxpvEZ8pJYD3SvyoNJy5sg,£8113.55,3534916507138762
1AKPurPd3spwRCd7wULUNqXKSicnGVQD5i,£1064.67,30046475289804
12QRJs9EjXwjW2tJ1b9ZvrBzmRgd6whccM,¥5260.58,4844973877808675
1Lnu2gWfhAaLSn5KaeRmo81dBwkLa1NrAk,£4970.14,5893044016973866
1KsFwJx754ANHeD14vq14z9e6kk3LyprB9,$931.43,5038672105413007062
1DujuibmK81kW3r2h2LvXX6U4bkkGE3hb4,¥8058.58,3558349129229291
19FSDrsSNtocXNwEaYCLt26SbjPUhJJYZ3,¥7285.17,6377350348878126
1PFTTDshHhyebmbJ8R1XJZY2ffAtBDh3Az,£9881.83,3558937020211242
1ConjqaKHLgzavuWLgvTQwYAkXFQkBNw9v,"€3121,04",3545995992319191
15UptDySZnaU6seHPwEHcJ2gcG2iTQgSab,¥804.62,50180129948019553
1M4LPhnsjbDDHL1UEwkUwWCQWw8DnrUAT9,£5958.39,5610762909296069
1B3Xz6hmM92XuC3sGkJX4KXhWC7RPQ3nKL,"€9144,04",3589481938348971
1Av7LeMiXjxBPzSXfagBQHX4FYQvwJFGFy,¥5359.58,3554289979226233
1Eg4pnPE4ypma2oC67tzKTkK9QpcDoxNkd,"€8265,76",3561993942265928
1RcE32Evs27ZDWY2pEPnvWV21i72bvzud,¥5865.64,4911972825177063292
1PfrtouVWFuGpMGSj4UXa5BGRX2ypQovHa,$2334.19,3553253439121781
1EA9EdAWcpJ8CLGAWpCMt9wJrctrQ7R7YB,$2204.45,5531609121931674
1LEuaGZTDgTjKf5LKCdZz8eB9u8pVLAvXD,$5419.67,30141488628294
1APm66DFZwzroJR7wtiuquTUCJWFjGEKdu,¥1412.08,3557171784500357
19izsL2BtaDubWvwXeCKbhwqoqQrbAmvVh,"€9418,09",4175009150367219
12WSavqVTgFu66o6MyhfidJFQHmsRgaTck,$7850.20,6371832152955658
14RTPSSrMa5r3SVdPmdcJbQbuqRe3U6U44,£4282.20,3553979682224506
1HmBcAc28P5qxdM7Cuug4oSPzpUY4T5t8Q,£8049.54,5510766757179500
1JfxuDwn1APZqLFe7QhLMuMUoXttj6L7iN,£7301.81,3539737620369927
1BtNsLFXggT8NUtJWczfZNvwMxuevyKVzU,¥9084.39,3533344647268871
1KXxYFdwJvBz2heRRkF146Vt2cg55UaSC9,¥6046.30,5493342169369021
13Juu5FVFd1L5mPR3ULMMrqXU6rieyYMkA,¥568.15,3537425908982783
13vnNGtmvWwxVZgDMdYA8FdQzo7tYmXo6A,¥6782.18,5038972931314733358
1EQo1yhwZDMceYSQgVEp7B7HWm1jyoYe9g,$1748.80,3558032995449439
17kV2KNbS7U33gztmbymSBTQM2y4t8GZ7G,£2634.78,3576495332860253
15oLFWYcxxojGrRk1mcM9qQX4XppJL5S7Q,£7201.06,30516246712789
1BBVPxo59w2dBPVnHDfpSQGa2u7dDv7pHQ,£4919.45,630406186347388804
1EGdKJgCkrzBqu59xpre3y1knQZmcraqqk,$9733.07,374283005104435
1MWYAeWCtwHu32ZXnvuP734MFyP3iGm15s,¥2069.83,4606858385503
1KLUHA68MnkRRkjTzf3uc21DWiD2dTJYAj,$7180.97,36100978814628
1Q2nzn5PoedtLuP7ivnUxRQVCZbCe9XfcD,"€3041,05",3578615451708821
18HUyRaEu9A9ouGz4EKe3BqEhVmMtqH9pC,£5467.03,3565121137988429
1AwzCfWQrSWTzNS2zxQeGncvC47RWkVVxS,£2722.11,3575709935355938
1JbjVnRXiyjVTFcRPQoReKsYjVQwBMkgv8,£2695.81,6378676304608134
1JfuvmCGPVvRueomqQNJKfVoWW89GTxzFP,£2123.75,3556217299383762
14LAkibNbXYKbwtjEfJXvZtRmJeWwJkBVv,£7965.64,201537298979152
1A2aJWkuLi8Rq9z9FmXnQGkLviZxeEpbqb,"€9146,74",560223021342218765
19YUSm51Jz53w4jm8VuASCn4kMerrba8v1,$9439.58,3547018305506970
1A6DB5K14kd8qUpox8uzVWABQ7d8FwRsXc,¥9071.58,6761344991113117
1FoPBgp358ireQxUm6yLXD3usejwFUprLb,$9105.70,3574984518605717
1Kn55DYLfjKtMfBh3DXnD8rm7i5XiEXLvf,"€2227,02",3549792904542978
1Fahybw7mHy6zgAWTt24MGPSmDbuoXvmfC,$5852.93,201709131823943
1FH987ZFq2LTTp4VBjCuhH4xv6GgKTADgV,"€472,05",5602210650416775
1LZ72Et7WDMB1cRAgawSYbVYRP97LRawD7,"€1707,42",6304366747409014
1BZSkvF69gny5HiYMiXfFeGEYG8dFPHumh,£7319.95,67620629236370974
19pA7SyB2km4VhHuFaFRXm4fBjrUBq7v7D,£1945.53,5602237005276372
1PAJMBgYexmR6RVjaSBqVvAQUwpNhy1wnY,"€5753,36",4917238051265650
1LkfqgqKVauKQgi7NDym1VV1nodoYoxdn8,£430.10,3530944888264282
1MqLVKkC8xa5EmrE8uuaAmBa5xJHTmcJnj,£5101.73,3571369768315949
1QPXanTtmhxbmaxAZyvwnnFEYcY2ALqtX,£4044.10,6331108703086775
1DhPVVfpULW6Ke9m44KwMyC1GM6dwTyAvP,£8661.27,3586759285998602
1PHwjfiBaSEmcrqkiCdPkSDjYUVeMWFCJE,"€6623,62",201737191992316
1CrPVGtEjGu9NxrXYwS8YcGoTf6FReWQqb,$4128.29,5641825590942502344
1DXaRqNsBzfzGfB3SgUrj7U9EhRU7NuVV9,£8630.17,5602237666412654
188GUXSz47pkH44HBHmirdoc5mmqzW7aex,"€4526,04",3567263184657073
1PHAtbSw55JuEvFAHBKpFBKZpBDH2ShNMm,$898.88,3539080790319350
19NixTaQ6ibGHKFy2Jwm1xKyU4QnGCHmTX,$6734.93,30300305942847
1HnsMiVrMmxWkqUtwaCsfBBHYSkrEneLks,$2309.43,3569531892354573
1J5vnSNqtSNR226Sv6Q3KyKEn3witvE1EJ,"€1781,50",6761761468602711243
1M2xd7rXDK5oxiYmiUgTwzBGGb9MuawCDH,$2146.02,3549069075210481
18ncnHFEG1Bewk1evpyywB3P9ZuB1icbUk,"€4068,47",3549039612278150
16kdCJHv8si7WPcQTSUVeKLtHfvHJo857h,£519.10,4175009722874668
1QA7BcnUrLDM3LG7aSWj57XoihhEaCrBFm,"€6454,54",3557444607609980
154dcFnEG4k9uiF2LgWyUDHhh81r8NqXQJ,"€995,59",3586185772212895
1Nd4LFfBunjiTTUsCo8777X6QoPM2vgty4,"€9496,89",633303199334512524
1NttL1t3RcH5BH5fXYnDpjBa2igfyfNfcH,$1195.07,3572155515734337
1GME2n6KmSkECZYnfivaJRWM8jiczRNcUv,£3142.95,3568594951205236
1JmmSJ8Ybb5sUsFprfKzXyNLBhQkFceLLA,¥1863.77,501843209312885820
1Ex5XyqhMhMW6ZsqRmFTC3Lr7JwyJVnzUv,¥5513.36,3581849817386155
1LtFfTBDN2sQ4razLTSJDHCBVFj1SYtR6q,£1130.16,6385179824845287
16gCDh6cK7KCQq7LLhHWFQkEZMPUEGneWe,"€4409,24",4017957342959
1DcQsBvMXFER13jWCWd1xP1F6CD5yrAsRs,£5520.46,3578436314409436
19tK73fxEg98J2VJeSsfCXzxbkSJ3dG2h,"€8776,49",630491094951907602
19AKmVQgs467RPk1QeWxZpbSqbMU5ZjYQS,£4912.42,3560210359806321
19bUNmEhiqx8CjNyvrXgcKcbAQV3pn46Au,$673.68,374288213975682
16Pvu4NYsqG9G4ZcF2yknEFpqbcQVK9SAu,$153.56,6706094495342807976
15vjCQrqvk5XVErWnWhD9MEceojrhqGWGD,£6402.36,06048027970050583
18UiqafZBZjfyMx47JDiQ2xqANmtaXJwyH,"€2487,87",201771298050884
1781dPLgtaHggUQsDiTx9wsUUK5YJ5MFZa,"€242,77",3545488218907528
15r276qLdr6oxesK2nKsEM5xYV1hZ2sGfE,"€3869,28",30315095412868
1G66UpgdrqU4Rx6ktFGqHKc7YZcEn7NSvk,£3087.24,5007668153277708
1QFJYF54f4hUj54aAs2Su7aaxywfDQv1oC,£7566.01,3538879298022296
1N4DZBzaRWcE4ZBpVxtCDmcNq9tozFn3sr,$4928.88,201901479715902
1LMK2mMzwLSjRLVHreK9Jp6725v2pZ7SMc,£366.52,676334665850570239
1MvXqprZz7ADb3GxeKaLgz2dKa53NK4mcK,$182.36,3539876167264693
1FrbuYiMoGmTSQEefKBDWQ9Vg8v6YgpbwR,"€4780,02",3582317889292635
1Gr6sxXyk3dSBsyAzQ5i4eBMqZJ8pi6uZS,"€5149,48",371112794772198
12RHmfTEDhC7SXBtxDxgpydpkYPG1dzfk9,¥7279.96,4041374663425
14Dn5n7qMr8hu8ie9qDZW2dfekG5oc4EVd,$2893.37,3553465370414153
1ZyTiqFvrsukRRAcB8ym2yBJjrKZCRnt7,£3264.23,677162114637897347
1ADbcCU5oWuvaecTQshhebgvhEyow5Gme9,£3923.29,5002353932913981
1HYkQpEBf4bg75Xa1rFX96W8jBf9GNr2aR,£8111.68,6304593586035960690
1BH4q3LU41mcRHCEA2BaBbmiSNcimxnSJN,£5367.43,4913866178919553
14fLhTiNhPpvLyzdLqbYvMwTRMuvc6Z1ZB,"€4006,45",201673655141514
1CHe7pjNpqVafnR1Kvni2qBwNjqKQ3nQyK,"€9787,68",5602240507668632906
17ePjDmpe7s1gR1vmFJ1bWAXBN5GeQdn4A,¥322.00,4917973593952320
1BjKZgKXFvvrwsxtMuuZRjqAAgQ8tdSKAq,"€5250,32",3573941300317605
1HDCmb21bprap4WSeZxSG3PbMj4YbnatVN,$4914.37,63041683512424815
13gaxFaKoDYRqP9gQLSdPdS8b9wh57rCea,$9052.92,676278838713346026
1FiWydkbbrd9Jer28wVBNbqfdfemQNgG82,$4483.60,5323748752458334
1KiU85Ubkt3UxSaxR7QLFyRcvsq1JgqJyL,"€9117,91",3536567041167557
1zASTYQcvLGCzduPndcwC4DqrG8rJr375,£491.47,4917245497305123
141ymjLMwpqao3E1HWQtQ2FJZ22SQ8GoF5,¥354.42,4175000192737527
1JLmBMhnEcvjop3pXF27ZUJHm2woiLfR3u,£3742.09,5010121269937141
1Pona63yDeXEEwiRVWv1ZSQS9i8w55dSv,$2949.27,3582720401253557
12PB13c92Lxc7yWHM14xoEmFdzLNnL7kyj,$1323.86,4905842925451850222
1Lb9GvdQxYSbuGxFC3Phh6XGYYktHTXVbW,£8813.17,5602217978272731
15iw9W1dB1eyz3pBTKoMBLzPCoNAyj5Fy8,¥5507.18,3551428483441804
1PwRtFAjf4Bib7oua4eqVeExwgvsxGRBhd,¥6438.55,3568214176938442
14ghAtx9Y8ezrBNPofpfibTTSpV9yvUAgZ,$2065.42,3572696576033929
12NgayWmkw1DQ6WZjnJ3c2t1EFo3EGFENW,$2964.37,56022305894250017
12Cg74R5MkbzRh6bJuMqNqvV5a2gBB3oV7,"€3046,30",3548780131888992
16TfU2pqKvpBDT7izvv7aaH8EYLNYnGsAR,$3001.19,3534424703442047
1N4tDK7QSNyneS8yL4oDd4XxwDktjCJTje,£1566.79,5602237188499288
1GNViVW6GbaH11hXzaviqm6C5MXQ2Jpua6,¥997.83,6333639206693654155
14MzeYSgVz9YHrFxyvWMWgjSzZPt2XVpS2,¥6101.36,3538889263351836
1AdU8PS4yuLUfgqhAwz93aYE92TVvHqnNK,£5229.19,3558829890194220
19Cayjqcze93WaJ9UC6EJT8mZ1NjTLmz2W,"€6200,28",201483116629333
1BnTEceAEaoPi73ozqDtab2rV1mn4WRtCn,"€7148,89",374288191499713
1Ftp27ntb42BiFjXbdPWsTnzbUqJN8x9w,$104.08,0604432057703287
1NdC6eVm9wnWZNohBnyooNo8WgfQcrinjA,"€7403,66",3542741288998014
1EHbXrhk6msqP693MyVBtDqZL5XhPqxt7H,$4753.74,3549086549367796
15h8tV3ofxke1f29gpXYcKbcih55b5gk9F,¥2947.55,5602245404371707222
19EkDnSsuQmNyGpVwKrQaDf4FV5wR4CfFy,"€3029,66",5100143457597967
1CsYdSaaJv61evwG7Fkju1p7am85Qu5pVL,¥7099.70,560221248667165212
1982U2k3QSHejbPmg9PuGd2UtJXjcc3WJB,$5792.92,3561146965270073
142q9NuXdyb2ZzWaV6wYbmQW42sUe8dKEo,"€4930,49",6771053069398416330
1NLLc545CoU8oghs4qXR5mEJvA648uFUH2,¥235.16,3535528087206809
1AvirHP4LSqiXePmmUihPBA4iExQH5Q7Vr,"€595,72",6393144746267291
1BXKyPFRWdRnbanmwq1PwyDzPydg2iuvn7,¥4316.28,3586854348383742
13SbVcjz1mxzGaDhTo8oMApMdTUuzxjSyE,"€8929,21",5268047321689272
1MB9KcjFn6kcp8f48uzmM1SRyt2bg2kRDe,$184.59,30437604258226
1GStnQ9qqmE6Q1SCa7uN22DKDTQ93yYL9m,"€3933,11",3536055615539690
1N8gBCJcx9V3t9Q6RdYvgXXNNrMyyPxEyA,£1000.15,3582659939074806
12swraQrLLRsEBbwg9bvBL3sspsXajMJ8g,$4376.13,3565723258930807
15mgxKHTaqcrV3SNf6Pkb1DmooVqjKuDvN,£3179.10,372301703770463
1JTH2MzWFsStoWMUvY8Mio53xAXorxDKiQ,"€7440,44",6759581234559291502
1C5cELQUDfQHA5jqEkJ8T45WDHb2FEF3td,£7706.15,374288841852303
19GswiMSHR2MQAujxK3t8py4zGFh9uogNz,£7685.99,3588500725502655
12CvoohXUn6xnoA4JpsVfgvTwsxZBeQkxZ,¥2765.58,3550634603223482
19t78HHCj2DwrEdgL3h9xpKze2GHaGgjsh,"€1507,77",4508014110138377
1JBki2zYRjmFNy1V8S62LS7jDRu5jjcteD,"€5329,54",3532198800110739
1L4ge9uiE14zUzSFptUCRXAbKEeQBHE3Mv,¥6511.30,6334731592430024835
18c6zRjwYGTwC5sNzq5TGfU95tWswh8Wvk,£3071.53,5546307465725363
1AqfRoDnK8vn7EEzEbupBYtW51TrcuKYxi,$5217.97,4905476984851451
15nDSAvFhBf1UA6YcmQDa9ukuHkc1ykYdT,$2442.84,503824303056938934
12Zhp2ZrhJwjoMWmeWV4wxh32wikb27PM2,¥2434.35,4905620609372613
1MS7GGuFxPZQoCqseEjbmVaU5jHv5fk9GX,£5880.99,5100137557604426
1DadBkAzeK6oZFN2Ymyjf5E2qV2KJDNRDa,$838.99,3557256003251575
1GSeXPqmNVWbjhULzTt5whRDAbmnDfZc9L,¥4516.14,372301609613338
1HzSjRrLw4jzJbrxV2bCLym7gm9uEGDrky,"€470,67",3551305992276311
1A2jBPvujttAcvKDqKLTS7SXw31pwrjUsL,"€1157,40",6333005042470041
1HPth7whnArJ4Pxp4w7ZaaZnQp8uxSNkcw,¥1078.56,3542554678031381
1Kyga8jGF26CfsMr5hSSpeZg5Fvh26VKPT,£8051.99,3529564222080526
15gjTrWDqWf7g6mgDPY8JharD3yPLh2jqm,£779.10,374288638944321
1H9R4eT83yKGg65Y2R6r1D4FAewmZQfhP4,¥6521.54,561054347250916518
1CmCW6yvYDtH3yht38ivAspxk4GjxJYRPC,"€9175,69",3587763848244982
18zWjxxtuudAqgzQk73zmbZzfq1hKsBVSH,$7986.72,3586547936640545
1Gm95K2992URFrx2MX4ieZKDaQwp5qPpa8,£4558.83,3530764451342624
1DxghXxtLgDJkSAdya4Pj3kBwB1UpwMCUD,£1416.47,5602214825503954
19WfT3zwpzU7V6iRKpSA7R2hdvYjMTe8s9,$2337.65,4844144366670519
128W1JFwc5rjkt3quEgAuSh7eAipjfLEgk,"€6469,21",67711109725803462
1NsyjYikpV2kPRc1JVRjYWSbdvJX5B4shf,$8555.49,3544160105858566
1C3nhQkHzs32iyMKBR2Ym8T1EcnufshaZk,£2972.13,3557695692218025
1JpSe179DVZBzrfXkkybwUortXrv8LqsGL,¥7214.86,5010125500563673
12rbJrPgjx4i3UBvPvFXV1fjBVHAZF3bmk,¥8861.73,3564029113711684
1GtqMMoDME4Yh5p4vg4TGKFFqYWCDDVGFo,$7400.41,5591919497464839
153cDVZqJ6SCtDd6twrjBZEg4a6q96scHs,£1775.17,3568317201624687
1JLchxUjziQLQzT4ztvdbqbj531xm1y82f,$3023.46,5456752062557875
1PNWgjtsfLRE3bwDDQ75B1tFvAcagoYALZ,£8487.83,5100133843709319
1FmivEabHLehnFfP9KcLWcqXdcxdzhJcaa,"€7356,78",4844438453758025
1AsKz76U79womp6q4WHnUSLk89r5ak5GPS,"€8956,08",50203541590687011
1GYR7HJbt8tG3EHfgEcXs7dtGedHh19jQm,£854.88,4905909916455488
13LQwupaCphnhhDg7f6wQdp1MaoTHjeLdG,"€9923,47",30443358184477
1HeUrfZpXV1ZSTyTFKUVfr7nKXvbA3XVm9,$3964.90,3568631654667989
15TetucCUiZjZ9A1HBeSV1Ckq2bJMzUQkn,£303.90,3565747687477619
13pRnCzkyybCRZAjyQkHPbPAj9nWXwaHGk,"€3397,03",5002354518348162
1MWdPJqbhVEkBtFTubsF1n4jfGQg3Y5xGA,£5871.25,3561859231259478
1FRF5WiVUHWKEzarrf9U3f272hfH5vLH3L,¥6227.75,3567671731355423
17SrBHVCUvRiA2p6v5H91VwnvSqUGXkXyL,$6874.63,6385674365446768
1JQQi48vWgja2fT97QpbYDpL4eYNDsca2y,¥5641.58,30145763191910
1FFq4AoauSDzjtQgdFt8h4jndbQRDR8v39,"€8776,94",3588154320061855
12KyTaaZWfZJTLeDswxfHe12G3zgL7kY4N,$2100.88,3572962286865152
1BnUktvJhGH778qKqyL4Utw33AnXyyDNun,"€8161,51",4917767652000058
1v7sRpmWGyj73n7gUeZ3X7d3pLKacviS6,"€6234,86",201511594307863
15PAbqGmJX41SbmS29FRBVFv6zhTTZwLXh,¥2795.86,4026415073975908
1DijiRvofUeUf5RVFX7dNh2fDSM3z4D675,¥5420.94,560221642487620770
16WotXpVAmrRi3KL41K1zAoPoi7tum5kkM,¥6735.97,630407198732428342
1jhPuy74hcXtDwiGvGUTAHyhSbhE4NAaR,¥5680.89,3584999666270567
1Awi5V8QN31dpv86R5rkYPtk1VLiVheMUS,"€8447,14",3584116410343869
13AUaXHABxU29kzG2swo64UHT1YWGStqwA,$1277.59,4508933241368472
16nGEVzUhWUngQe8SPGBDbgZSrYZF2ir3N,$4903.70,5100175956015737
1FyGLAi8jNm6oHcRmUBjUgSm1gz3si1NGa,$8705.31,3538803958642797
1PjJFAgWzA9ZmBq6gFEb966nCw5dZXftyR,"€1263,82",3545747878361122
12d8G9a42jWmBTDag5hh495TByMHxPjtHR,¥448.20,6706990234865331196
14DK6UXiHbjo5rAsLEpdgFdmJADrmGrKdW,$6381.49,675996676870583384
12gy4osmjPAgv8Ym6kVMKDMVMadTH7ponn,¥4656.42,5481548954691361
1KFQcr9z1oNkz2iCayWVKJ12FSrYLTinxH,£8646.35,4903706588097588810
1KFTc5xM6jLv8MX2qJwdpwFcKWnH4SQKFr,"€4180,67",3581365520280866
17PtfuvuoDoUu6wTJp2fpxKAniZCZ5LpcX,$2390.03,3545613799676560
1G2hYqaLQPNoxDzwNihhU5gAJVD6RLapA4,¥1002.40,3549857377369389
16Yq1rQtUK4JEkpug5ENuVxiTc5W6FRkvu,"€8211,16",3545490559304133
1KHbqPov9NKxTemV6rbPoiCLYiABTYXxue,£1181.44,5020789470075210463
1C8YhRqVreQobnwEVN5VjdqxVd8gAKKD2t,£7429.36,4405316526688794
115P9agftieTKVcrcb4n9M63nzMkTkVDW4,¥412.10,6767409720933942458
1N7Zp2qzNyJEcenFbPwdMA8ibz6GNGZXN4,£6541.65,3572795522943775
1HTz39YqZj8HAGKFxc1CjbcJGxSuT3ULev,£9331.92,3560878752423306
1PMsDsHdtFtaymHGdYp2X78puqDf2rLyyR,$1275.81,6763302933362342994
1BWsyuz6c1JA2QbnykH2FgGRQ5sgsxvGs8,£462.81,4844793836293227
1J7PaptfJQachZQ14v5PPuNKmvjdtUpaBR,$9851.99,3572197671743561
1KnJZuCsJrubS8cgvREpcWY4ZT5u1PfqgU,£2030.22,6381116351289921
17dagKwQAejVuYoc3KvSoWhmjBt4rqfphD,£1939.69,3586089310811699
1P7ecNAAvpMMLajamx7gS4j5Bfz2CJZeCZ,£4120.27,6304380995667041
1EmiKKABQVNnnzA1bALdJk7rStnpuCrsh1,¥9078.50,3573702766900684
1Hz8D3bGC2etLhXzksGfz7BBw1UpMRUGNt,"€8641,86",5147672614970266
12Wo6pkdZSyuR16MeEVcNB85KoYVQgcKd5,$6843.01,3536398588064027
1CJjE8gEvnASHfPv4jdV2ATRfJBKvsqT1x,¥3990.48,3532381119795222
1N5Xj6ymUwQnBmjcajTEELYWwibWePzo4H,¥198.32,201490604147322
19gtK9HsgndTSEv3ucBkhN5zhsBKzD6E2z,$6846.35,5136053287347673
14oSRkCSJUD3GsLDAJW7Vmf5uePgLCT9YL,£4531.97,3576537271637257
1AoKF48EoGD3rh4KmV68JjHA7geACUw33f,£5443.43,3586450133172067
1ACZJhwNvTCThQud4kFSAEJffnMDYket8a,"€5080,41",670959941473933899
1NCo8HKURv3DVw7edKp6h8tJvBqWanazGi,"€4736,32",3578851480484338
1Lvqbj53qkgmZKsRENzWt4W971drnxxEY4,$5572.10,3564573681605463
18LQK2ypjux9A6uF7uPBdpavXWMTXSnuTZ,$1919.88,4917779503697834
12K8StfjsEZcz2SSxnFTfn3gRicoC7QTqr,"€1791,49",3585268496480062
13RFCULa8i23aJ3E7jHES1t4LQrM6Hx64V,¥7545.63,3582626522394859
1F7YxK8ZHkG37cfu27ktgSLJjAPbYWNDQP,£3174.69,341996872366072
17mspgsbgzBNTMsMibWmKJ4q6hGQv6qTv6,"€3522,30",3574979605819866
18GDgp9ZqJDzCttavGQD9BkuJSA5eNVdmP,"€4621,06",201634721262056
1PeNRJhzByVNDCKQGZZ9j3RhKJkid7csBk,$4101.77,3578514681782559
17aehBmiV5Jj1WX7Z1juo2ZSpz398f9qzE,¥9822.86,30016197992621
1LtkMAwZkJjeQfo9tQMu7ZzhpKAqJheSar,£6418.85,201989888506996
1NmruDqJoy1cDuHLD61NTACzU8ADvuYkP,"€7831,94",3581237373329571
17wQ1PkQgnQBNjJjuxVT2mt8NJopWQZFzp,$3799.66,5602249262852760185
1FftFXGeNNu4pVNcrhfMpYhuhYkbdP711L,£6271.55,5602215850696523098
1KY2EWcNYTXkLMhYvi4GKimxhUPQqLj2ny,$4799.21,4508047511046526
1MGwENZDaA4zSBAdauP9jRL79CkG7ozcys,$6663.81,3579394755064476
18Ab8fRjizhWSvNo6L2QTqhwc4GvYJJSuj,"€1965,56",3563996351459948
1AT8b1C2rp6FbeVpUYNm6wbqWLTp8e2ysa,$8363.51,6392540232176584
17GgsJ87maLB7E2JAoXFg8Qood3xEwisLF,$484.47,3530145418461345
18BNkB8NtJyec9BVByrB9SPMnAzqxRkoAJ,$4554.24,3589202578934536
19G5gmJ6P3EyerR7Ht4gymPPjQWRKTYdwr,$917.15,5100136462936253
1AFv6gF72LSCcZygCAu6yn2dUmozuFyuRH,£7972.58,503850734123072702
1HDMGzwGFJpXtEgAwrsoDAjEkZ82idzYJh,"€6712,14",5490162359252040
135q6kCSs2vFQMWPs2nXbHsFjEz3Cjx76L,$5218.34,3561790076824649
1HRirvrqYTn7Le1A1qQouGxszhzrkhTtCG,$960.82,561098254836613874
12HDbgw9v2pKZBbgydwdPG1cCS1hpdxqpG,$8033.02,36008427105037
1GGR7jqYFqehQmaTJUjzuRNrSTr8jcCFTt,$1796.63,201518340145059
1NjL1g5DwtGRAb631W41jHdbd2GPnpsUNS,¥5018.47,3565138536783102
1E2aQEcEVJPQrLV7R5vgXMiM7MtYECYjow,"€3782,46",6759444043624461512
1GnpzzvY41zsQpqrB1jJsp3y7bhRK6wq97,£8292.94,5417485946629812
1HWpz14VDEc2DGsBj7W2HjySC6d4KQSZoK,¥1302.16,3570943554210653
152gVdyVUbzBXPaYkLGbsepDe7g35rAkgW,"€4489,84",4017951547730611
1MxhJnhvV2Ak4jAyvjJpeuUGbm5gBWbujy,¥1174.56,3573403692168690
1Eu4ya4oNraLpwwLRWeXHgFJ6RD5WLVrSq,$133.34,3530023807759811
1EPN8CbFo7pQxm2tw2QaUqKyNchznZKVSU,£9938.41,560222513658396533
1Cz6AEMK55qxfcLrkzaKERoYT6v7oVPtB5,£1993.07,3536129356803563
1AwG9V3KRPjbKrqugZjczdpG1b7e48NtNE,$5221.67,3547595987661058
16ic3qmUuVQhKztjxKGwYbMjfk4ajWarBc,$8616.02,6388962737107029
1JB6PTp4DdHR2PYr5adFJhsmPGGogYNeEY,$9324.99,3560004509491500
1FgtbsiB1pimAyp8cjpTN4G5f3qNZuieju,£2800.91,3565590552056971
15FfmsWkDxG5zXoDpVrTphpPjbL7x2RJA4,"€9328,46",5602246038595344
1MzXwarvvP9xUUwzKL8qTAk5uLZqZFRvS3,$2961.43,30121773349830
1P3gX9GE9npAKnsJL6xxgLJ8htneANF4DM,£5189.36,3569308928888852
1EdnJekj32bEQqQoyuD3RpoUz1WkmUyhQR,¥4641.78,4844080706725680
1GSSZX93PhBbbwHBW4YZmidL1M2ChkX71c,£4349.62,560225005040687940
1Mssh2keHKCb5mAvHb6ikqc8deX6vgESvT,£4070.51,3585727039184622
15YrmCcdCDVBcU4oKUE9hAnsg9ciN6W7qn,$8727.58,374283190559674
1JhUfqyh7HyoELnwtgn3zXYw8AG9iLYsq2,"€2627,38",4017953367869
16YwBcMLH6kJZ11UZBadyfVzt2pwhwr2o,¥6638.79,5542726348657515
1aZLkPRkic26f6zLerBtRiwL2Asv58YuL,£7764.61,56022588339206161
15B9SR2NytnocP9t6HJVBdWGSQdey3KXAt,£8968.44,5100179426834008
1NtXNw8aBgZryA9DTBGeoriqF2cJcvKQ1m,$9655.26,3582311953465532
1EmKBY7ibZ3PCQK7hUd6hbteoAcxaxzg4W,¥9066.98,67599019799697269
169LhreHjCKRQyBZH3wffVtJTtvGyVmixG,$9500.20,201403139291358
13ksXAuodWtLvCi2CAXdGH9mqN7wPNqSup,£8826.35,3535300871365625
14zx1FDZFKdeJvEXybRArXKyXtKfbFzom8,£9583.09,3542386589078668
18t1PKJvhCDwxuQEJkrf49PeGV8pwaTgjT,¥130.99,5459388789821398
1p21hCFbsxE22VcbTSDjQwoY7e5Rx2BJQ,$3528.28,3563585659540341
1PrWNzXn238HAR4Brwh5wDcoLuN7a3kRr1,"€3252,86",5301773832953175
12EU1VbVLjK554PE3yqF5wzjQ8GCPx1zce,£7430.55,3581493864355399
138iu84a5whRJvt47NQEVzyRkdwY8xXDkD,£6576.73,3583444634937642
1J44HMHu8HwMsfXM5mnq6Q9oujQBhdJn1a,$840.75,6759851313469700936
1Gm23hByuhxb6c6KQp2BaxQ32xxWFff2MV,$1353.44,3556531466893753
1bAWM4yjTX21AB3kGXQmst47nizuGNVdg,¥2191.15,201845325411747
19nqufps3UyPZQs5m22WipWnGDwFqEMwre,¥1650.73,3544553526089581
1NBf9GtWcMUdtSXfZxCDNbMgR6ao2QB9bo,£5060.05,6762641838634117
171nNRsZVaEUK3ouwnrBzGCcx5dHhCdz7B,$7658.23,3541913323499578
1FpKnsxRTBodN2dirmwmWUANJAz9kbiZck,$5782.25,345805257109666
19iw1QC3zbnqyK7Zd66e4Hi3XguwSZrzcv,¥9588.28,372301379043682
1G9w2Cd2SqMyGcMHpfUvEw6LZzbMz9CDPL,£7456.43,5100143788140917
164pXDz7y62Ps7z4ZpPaiwGJkMPwkjB5Ts,"€6366,27",6759423151651605409
1LX58ZiG8XwWb82hxeyXh4FBki6EMJFZa2,"€2942,26",3587109430403679
1Q8XDqGfe1azpKCpQKyZcQPxDwmSPCAkxh,¥1079.81,67595394463325222
1HZqcd1pGhqUejJ9wnNqxd5NqPfwUbZmVY,¥7883.90,3570672841477631
1JhMJJDcP3h675J9vNCHYoRawA3QBpirSY,¥6906.86,3548588884035640
1CVWc3xi4siDpe6GohPGsYuEcHxuzS6ZZ9,£5941.29,5038927673269980
1taRZHLSkFnu3VGcmJb7kFAwWwL8i5eNw,"€6451,89",3554850323669145
17PdbvmyciKUdvYCLZrdKaXRnbWJ8y63Uq,¥369.62,3588534309863217
1Q87deWBiVSW9uDJCRNQggL4koeX56omhd,$4847.13,4911917766912452887
1BqsnfozQpNioXboi1CaDmnBEz1VHFYgn9,$2591.77,3549839544597480
14hZL49sPKg12oLHTwj9uCsMMCPeysC69U,£5103.06,3587432532784196
18nWCNVNcuQvs4JcdMAtYXjb3tBubREmVv,$7322.96,337941560289794
1NfQgK9ximjJtrmyQ2GrikofP2sXvsqzYh,£4663.26,6334570225232285
1Nb5wVhkeFuYSi5mFccTZhpwkUrjPupdk5,¥921.01,5038839742867789801
1EzZakqcdS9ov2H3eHrjh49spB5nN9duUC,£589.17,67099678901118475
125WucFMusTW2CmgoS5Lic2fTiz5Zhr24X,"€482,25",3578796012694195
18Gv4QaFh41erXHRN1ca9Mj5EbsTineQqr,$6461.36,5602251280812340885
1KJ2twdzEGj2g2KLuz1EkMEZgdUHFy3i15,"€8650,82",67098939746880393
16NbYjRDr6bxnJz6cBetCVUv5LF11Zbn1S,£4196.20,5128575907738303
1MB1Gg6tXLvT4MN6sQhcNwY6X1EHF3zdDw,"€5642,86",201945283068891
18G7AAHsKcQzAkkbADP6XV6ZVCfsjCXinU,£4865.96,490593902104898377
1FnQdSfTgmyR28zAr4ofrWSiQx5rABrLqG,"€6675,03",3548953765801629
1N4CLkSkpMsbx5jY5CDbEKMSrBaJbqqfPw,£4102.15,3551134980493385
1N48m9kopMqbiGLFMgNBCkZTTVCmTWZdnf,$4382.56,6334778260080531
1D1goR3pNuwV4u9EWEQMZJoUg3KxyCZ1Xx,¥8029.40,374622992312149
1NHTJTACuoWYEZVksw1C6sGAWJ8ZynQcmB,¥8920.98,4508498794087630
1JXtF4Vvvb8EyDvxU6UqAVXBLXHyo5n6hn,£3500.04,4405754838536154
13AdS7y6eok1hSZuP2FbnkvU912vcduaaE,$3485.21,5610412578343392
15UKNTCWLwpvgWjwYviSWYXnx8EJhEMiBP,$7834.30,3575992406724523
16evrdtRCK3h9aADRC4nJm1mJf3aFvvNDU,£6660.81,4936489138624821525
1LF8D2ErqPF1xJBDoyEEJ35HVEiVVt5cEX,$1486.63,5002354818535260
1GJdhBcavcDjYaMLiciVyvvfnHMuveGr4h,¥8582.15,3537883088058909
1K3X9C1ZtZ7MaRbz2g6ch8g6UnivvdN4RZ,¥4576.04,3577008682627096
178ACaWKcUASnwK8h4yQQzK1jwWkmzQvBn,£8856.36,201483790361740
1BQ68amhBa7EkQyFZAZ6vsXJhKtcxWUDz6,$9091.32,3579586899650264
1Gmb2yX5cZxYBYnzNcpZQErL7zkfZgNkur,$7238.76,5602227501566061
13fJwcZ7UQjNzKQbM8LvbbxjQw3dbXAXD4,¥1356.14,5347352706865389
1E2rfq7YkeeqrfKL6FcrPJE4eyGcoqnmwP,$8288.78,3542820690046289
1Ly92HN5VTdygQE1knSXYkBQ6K7L8rrd2y,£2433.09,201512635305767
1Ag9eJdQBydj9q9SFA1rbaNdqyDVXB5q2h,$9704.52,3584215906264900
1KLvXExVGHXDg4gpBRo3JCn5nadSiHrVRE,"€2039,73",3529776002419381
13tiMH8A9Z5zHWfRtmmVK992HgxnPjDSpK,"€7589,00",3551347524437813
1PzGqF2E5xuaP9L44zJo1gYiRtnzWawe6b,"€7152,20",6304966458325243311
1EFf7dnyNfTKjZC9WuvNLdpq7wkspHTQW1,$1848.07,4041597305386987
1MqWzye8i4P4wWJ5sKLhDm7NRMFrCZB3LU,¥2059.48,4041593652241
1NViUcWUST3G1p6shoDXEttACsVMF7mi2o,¥1462.56,5007668671729602
18n6CzHDUJG3ycdYstYJkyuFPn4rxhXtdz,$6678.94,30479271633414
19U6bAs2mmh7hK4DAbc1eWVt5tsRZsyMT7,£9802.43,3539314709072754
18NgbMweQqGA7qhJkgBHy4QoXXSwhZx2Ci,£5529.07,3573852094758385
18s5oPZZzh16zUGqmHA79eE3dWjmBr7cSv,"€8293,37",340045681144733
1BBt7a1gzwPC2CMKWVopfhkfaX72qvXF1P,$9722.83,503873352668365010
1NoCsqZJ3kVvXZ8qucx2vsYKLg47ALRcMc,£5180.46,3550666516223878
1FSiLEymxh2HNPqWdVdSphdTY4Nb3uMYLe,¥5139.08,3528817260780907
12YkM8D2kMHt6ybHoW6cuMfAp3iu8jWUsB,"€4460,37",6395111307827423
1NNqeUDZ7d9jeqC4Lzf4bU1idnZUZjshzo,¥9528.76,4385916677785
192ciztWMtu3V8KWAjT57s7tkhQqbxjTnc,£5629.66,4844645053446708
1dsV1QqgeADDzxk3VeYUMcW7z1oj75xCY,£552.06,5602235605808798442
1CAtykdJg9Fy13g24FSVXupZScceBLFqay,"€2080,80",3529404978457810
1A6XFE7D1bUjLGCCwJLQgu6GjMWNoGtFXL,$6671.61,3545776975678757
1Dro7w6xa6PmVsicv9hYqhu74eSaUGN5K7,$4833.03,6331102058827652494
1E5dG4W4SAwXVatsHycTdv12J49gAVa1pn,$7058.81,6304405674800307947
15mxC78iCnTRxuYv1SrVhdA3H3nSuSiZHR,£5140.72,5018911724970574802
16gZoGDL1DowibgPnTi3t4ypqc3nzbSTSQ,¥9904.84,6763811020046230334
1LzXJPnEywRhRaYjhQqqPDf9Nnd7ogu947,¥4506.84,5100170495130063
14bSNaBwHNQX4zE4ecy24hTgWa946bpXk5,£9271.07,3533091869215177
1LEA4iTw8iJ26PXq5yEpzeGU8LoWxyfJHq,£5936.63,372301951766767
13pRAEZpGJ8GTbifiAHFqLU2Ze9MFNBf8z,$7178.27,6759454568974114698
1NntktSUmBBWKe1v3hTUTCdkn1pU1HGRvg,$7750.76,5010128362645562
1GeuVY4dZSzZikybobcNY6ZYCij67TmVLE,£9865.69,201918133384826
1MD9G1bo21dcZ3Z7EbytaYJS6MkizqqBCa,$1853.04,3574983825109942
16HkDQXRPRCoTmYXdpHE8ycwEjBPda4aBD,¥7025.47,4017956705255
1LD1c6nXerwpXr4HhJBFWQ1nA9iJ2wqtZG,£9577.77,5500095477993798
1NsZP32eULBAUJrdu6nomUZt3L5NXpJrcD,£6792.51,63045261699104660
12353pDj7mK1XWBS4HSFefxJQBEPQHK39g,£215.28,5641824153792341981
1KDVRD1pF4Y5oofXkt1Hon2ENhbex8wWED,£9920.80,6377045463584000
18Jtq6xLxfSqRpCQt8u73nEJVLUm1h2kQe,"€6210,95",3583585022912520
15pxrZsq3irdi8NzA5dczVs7wBMLxpcXtD,¥1584.32,4844575201711531
1G9G4zXNDCqUthgTtCBNd2zacbvetvg7Se,¥2778.89,4913443250432648
1tPb3dwFhp5wxpZqm2XphsZUhoS5F8NUB,¥8055.13,5541588745147529
1PxEwzVxAEWXvX25LZFL3t8fVBBA81to74,"€644,72",3554156656105404
1FwtdgMxgfAEzRVWYA5WW97wpDSTXSmqTX,£3718.14,5602245552486914
1MJ6ijND5DtHd3KcqpLXmRiJoq1KXUUvyg,$1724.84,3546250492256520
15VhgjFcHhK7NwMJn3xoYtT8afC5kwVbPS,$5297.93,5610874446003070
1KamPXRdzsFgPUgK5k9bZ3a77pn313iTGL,¥2786.85,4041594536138
199yFD1CZ594v8bwzu9gzZH68uG8oAsbN2,"€753,57",201713617473942
1LKFjx5MbXwvyQME8P24i2q3QSTjh7bkvq,¥9426.34,63049677580139778
1VQxECnuaM1aB5rNyGJkCQqfYP2ZZMR5c,"€1163,10",5002358342158507
1QC4EinqnSa1vHTeA9XD92LHaEAzcAc9yx,¥5952.00,4936176672352228253
1AJPD9u4HkbrpSKCTTPR7UxKpQnV3wkCEU,"€1604,23",201488864132257
15J1Uo4vc7GL7bjUMEeXADpSPGPHEDGjfK,$7888.13,670693352157234102
13r6zB63pbMAqaRJg3rd8pkAUrz72ym41p,£2655.93,67618565674720698
1AwGVLynnZwmN3ujd9SAx2kawgzWGKXNMS,¥71.06,376668155273071
1AUYBrfjzx74h4fkCo5Y4TWBYwvGdKzWpT,"€3952,71",5496512154068575
1NrdqfrKsqhgNpDtJ9isAryWzS9rRy5eS8,"€1948,89",5002353718723778
1LtsEjM9CNLz5ioJBzcM529qohaZ1xLWDr,¥6133.10,3536065870720695
19GcUtFYVUgTNM5XdcEC6BUR2iaFDhsfsC,$5239.34,5534700494815276
148n2Pme5Hk7MBNtaNSHE2rcJgQZMAd72V,$1930.16,36916428567908
1R8VBgyUFS5utA9SFiTv4Cc1NKjqyX9hv,£106.53,3549035177629936
17kQTAKS9npeRZwipXNjtEnH7pf6UWWNPH,£4972.97,374622227807400
18oGbs1fb95rEggfAtjj8tddXVpAKKLHA7,$2717.47,201663436747374
14zYsxwFKUH6jh5mkhJq94PhuHVwg9sNp7,$2311.47,3571962661480149
13wrNy4HcRXMbTtV6W7Azv7tkhT9xReEjq,¥6473.50,374288000459791
1J6cTN1qciY3kHQYEQy8jLV3U89ga4zk3R,¥7335.30,5002354384301295
1MDZDp73348B7gAe4QnQVW8qpwi4UF1EDx,"€7998,63",3581085210822237
1J1oCmSxqBp6Yj6B4FX2n2usrZjssxknGA,$1059.81,3535285117108105
13ScA1UFCZgvRanBFz6qRf2x4vZNeMY1zA,£4545.19,560222500411946779
114qsJYB8zRiTgn4jsjZZVuKRxNxFAnPAv,$5447.07,3553483082401582
13ucPm9P9TLLvYHvBqBsu3ECganZkwhDry,$8355.42,3554255862077934
1KskuwncCvkvzFKf6VS6mDXnzxa7Lc2QrM,$4355.27,5002358747364791
1LSa3CzoJdRfq8EXDbg5if8dQv1NKJV3yE,£7001.30,3564878045900215
1D3dFGbcm1E1pyozUmYXyqHYFomk89LCnC,$4152.46,50382316585366225
1M9D5isdHgaQfXWPHKedE1iP5BM2HYHSMx,£3839.66,4917604721361684
1CKSESkVP5E7dc5yA8tuUCyvqJnun8tcuw,£6223.32,5212007158628691
17fGDQTYRpgA61fVB7X2B6kc2NiQjnXP14,£3521.98,201529136542839
1DAZRwg7dJdHcgiy4B1djJspSCyRSqHFnY,£4810.17,372301846630269
17VuMdW3rySHRaybk1bpCcpaaJgNE5sB7s,¥4389.41,5602217693176050
1L9PKBr1WqQZVVPuC8fMvY6JBptYeGrrgu,£3996.02,3543031097775319
1HoRMd6UWWQr1oJtvwaJ8ve1XZiFk2VZ7B,£1991.92,372301132418775
1K2ywus78jcchhyJVEdwanbxLFPUCYEU2D,£2260.01,3528685907058700
1AgC9c47UbboZdTW68dY7qtE4bvpfrtq7J,£5894.71,3562354170224013
16GkeLvbfWWvGhSCNkdjc5C47jWQCHgRMf,£1595.98,0604160415329535293
1Kvj63Qwea3xQoVXXMh6yYyK9CHz4ohez3,"€9386,58",5100146489779404
1BS1YsUpgRBYKVjfHq8kpkGHyEz3c8K3JC,"€9986,65",3583523310055652
11NHj6X6w4WeAbShpACR9N2E22R2FkFqX,¥507.23,3582077007407198
1P6bvhMscHtJQJqdXBhvSMxzYPS5ViSULL,¥4541.08,3573111994840011
18kYgR5Dc1a2H6M2o7y5ptuUpQ3VgygQwq,¥5490.95,370585516047794
1NWsBVP6pTsP8U3aPdUEqbsggbbw51JrwL,"€2632,92",5602247624709430
168mnoKdFxpQmLXNqrSxyPrZfWpGFstyXg,"€3205,66",67092432450859700
1EaELtUvH9Zrcd4Uu8ikCZE8E5cQiWNKfV,"€9430,47",340928513858176
1BFuHiqRxqkTDvuHNW1dXjLVUZaVQjmKLu,£9879.88,3547121240958338
18TLqGuAEgwFjKAq6xBGotUK1HDuFeWg3x,$5051.55,3562600467705068
14RpfpFRzVuaScwyfuipqyD3vg86hJ9u89,$234.90,67611259825880562
1MazGYVeEB5C6UC6rS2PZJagg9SYXN6c9A,$2346.28,5602240449480428
1Jzibu43HcHkTE8QA5NDXNi2MfEDmWbutT,¥9199.63,6763860706884955
1GYMQ4hJcyg67gKUWtzCa5fgy6Xw1LNXB3,"€1984,32",491199849262856802
1C8eVqKeGfp1RB4x6jGK9vnomSW5TKLzsK,¥1072.15,4903802079547252960
1Lbgde7jUz9eoYgosrRUHGSftgYKzXVGsq,"€2826,65",3548214073744526
16KTZ8scEM1KttmmkzsLQ4T7BR1DsvEw3T,¥8187.12,3585145101578797
1kjZ7tgXkE4i3qCdjEs71iGr5CuCFjcSg,£9939.65,3560352531913961
18AR7QG8GUoAG2VKm5M6uivR3hdNMomzkd,"€4505,43",5602240273347996721
1D34tmsepC8B3TUkdRJGkMPT438YA5ihGg,$4345.59,67097636137487991
1Mp5aZ4UECME43K3mx8wuCwiraetBjp4RG,£2409.78,3586591381126253
1Dx6yknQKpSkv1SJ17WxH2iKYgrFapRJW8,$4069.62,3547015625323805
1DPjGSNhPCQp7ytkJutPUbPQWyyxWqdZXo,"€6496,53",6396528259977634
1Npmoh2k9rLRiN26YapDPR2pZm6io6Ftb8,¥6138.44,633459389188917778
16iXfbmMHmXsXnXWC5nbLmKxYq1eBcDZCL,"€9171,27",3568607962514113
1HnwCbr2jy925cNHep8ihvmQJF7tJuVfAX,£9396.37,3565619813342084
1MKS1ttRNkSm7WsJGeTLbq6n8Kv58LJZrB,"€8632,56",3528398499154396
15R5iU1RNzrENihmZDK2iq5u2hEVQmdcHx,"€1243,92",3587583232547422
1FtvfkM8oYAeEwhCZgBo4spRJXsqJotcAa,¥662.35,5602240691229168
11BE62XP7HJyFykcLRP6nDcivruB9MZCd,"€3809,43",4913510799253451
14eovVjJFJygYAiHqDiZhXqVgdExPXXFfu,¥3596.65,3585336410838093
15ffoG4kfp32hECfetst5yExmu6zhR7pdY,¥8417.30,6334058801193774
17tQ69SfXLfEYksCGXTWeSWwALG5Gb8sXn,$4850.50,3549481752396824
1HPQScD27RDAVxdoxPkGMvtfM5mYB2b5uP,"€4812,68",6763994954184378
1HkT87FbZNyfXnnGXSDCcJKVDxnkTF5ZxT,¥1084.25,3534644303433514
1Gp1M6MKEreB5cPwe3oEDwH5wjg3aVHuiS,$2796.65,201524453953990
16gsvKNpEGuri9SCvgaKs471WJn8cV2xJB,$6981.77,6383305248652189
12Q12YwW9JYHdTiQuzVZFmuXjqEptwoV6B,¥5453.43,3569542107269852
1AypPvSdZFyBsiR8pahCrdjtuQPsfst7Q,£4233.47,3566861541516014
12vMfrbsJps2J2ZrRF7ABFuiJu8MFo8Kx8,"€1718,44",3578646762688329
1HNUF3bRRKHpVVUNcg8wo4N99ArFV8JaeA,¥4121.68,30110746089987
1Q2UVaH1puBfFTLfu1BsHycyVE7xKuxXBC,£6712.96,3573500195751383
1GSobh7cLdPcENTrG9f41z1JiKMionWDx4,£535.56,676264986212671273
15ovPz1k5oxba75fyFJP4QqWg7PuigFM4F,¥6613.91,3542661717729592
13MfbJEMuZbVsSgvQsLemTu7KZPkMfMU7q,£184.31,337941388749755
198R5SJpp1BVeANuqfa4VqFXTQcARSbDow,¥1444.55,501834277158830466
14jjbC9g9U1o4HNQieMoZV8AnJ1CC55CKJ,¥2386.55,5100170822266291
17JLFDvAddrjjUpcochkHi7igaM4FKFUkx,"€8699,30",3558039090242981
1M68eo6miAHA3sYmZ7nFM4jJ39JTdfN3aV,¥6072.50,30551494225218
1CkHJPZ6urNrJEEYz5HTzXVcd7fjpN3GbK,"€3208,21",5602221565817825
12Q2zuuSwAmSrBkBX2idP3qzVHSGncVtjt,¥5091.95,3564918708635995
16YqjevgdYDi7juEjjMtPTq9KbnHQQ8Pdw,"€2837,98",3560751232967723
1KndWNEfio6b6DNgauzcxZ8LoXkixE8G8D,$8279.75,3569297463214741
1AHKLKZRgE2cPvuX4NNz3WG4LRtWrtsKf9,"€5740,82",3575029367536057
19Qa21K7K8GJrVEbm87mw4BFCPhQmroivs,¥2376.12,5602218780147699
1Q4vydhE12XDx2B7BSVghNdoFfcKeWat4s,¥8609.53,4911796130488524
192JBy3Yy2ycT1zWxFppJwb4Gpb1fgNow1,"€3157,54",5602258207165007
13HG57tM8jrG7Sf2k5s1yf6LDLtrVzQ16L,¥9726.78,375794686436309
1EcdeYTosSwNTdtgbWPBB8URvrYmaw8N6v,"€525,48",501804138834166202
1FWh3kpTjsAE6naW8dCxp6don7urBJSuGC,$2647.59,5602242615507307
1LeTFQM4MgeKxK8WZQpd4hqJtXPC4G5MM9,$8922.21,6396508323251216
1Lr7AFJdhQXX3WGbMh7cBLyFDJuoPpwRVH,¥589.43,3585935425582974
1PDKud92vdC8v475AmaCxLUKzEniXRQr5k,$4573.76,3550404937178541
1EsjUb8o3XbsWLLTA6NoZoUaSgHhg4Jw7,£1261.23,374058268568694
1QAvn6tm1aNTfamNFZuew9NFhhgbGsyDCq,"€4622,42",3587293260994518
1AVfnE6iAJYqN96iHQyc8gFG5vNszLY6Uq,$3337.84,30121456797768
16M9GDTXFNwAsp5aorswZxNBh6XHXigZ6a,"€1805,81",3587521184176030
1LJvrS4FT4vsL2gfXpECLpg7RJKkKGgV8e,"€77,43",3543713640314445
1AGvN9mqsHcU8ho83rUA6b2tUQmZgAgFKN,$2504.90,3543308029730202
18NhEiZ2vg8ULizhnVzLaAF2YL43Ew2i8s,¥6775.48,374622100129013
1Ee8mJKFXJpWNdsp1hghdpHJsfTuzqb6xt,¥166.22,63046334053961618
1HTfMLKGWXB7PfTcxtodEeKKqVvgosNPpp,"€8069,75",3542564334000209
1LPKyN1GHNMmfb33hVSArh3iwrZdpqEWDA,$4800.09,3541164139157741
1KxS8SeHy6pbxTiYQARmWUJ4GJMcjM8L1j,¥1975.16,30270743864202
13vrCocUJBtsBzaiPkj1fLpi3SmVAHVyVU,£4074.60,201498150653221
1G8ThEkNVocwLnR8SaJvkVvYqv9ySCMC56,£7399.28,3542383567498885
1M7MaFa1EmQqvx1Equ66eYzmP3PDcyhNLT,¥5420.33,3587314027775923
13H6gw3gXrTu2Zn4oNh6cherBdTD9GsRQC,"€8109,17",63040097906258989
1GW6SjEKRoMQcQocyhjPk1ccNZUEKrgbi7,¥2681.71,630422215363253160
18q7mt2qWP8kP1oZYLtntnADXELG1VkuxL,£6662.77,3547046880533945
15kVJPfeBjCKSGX9yDAx7E7R9V5T2VbBjQ,¥378.27,5131160678662548
1MrognwydqvLZH7mYZYZsC5iXD3gGf5vRs,£7959.82,3555264562716261
13Nf32kH2uarW7KJDWZoKs6UmzBJYUdWNe,¥1602.32,3570460707443271
17kUS1RmTzDGuE2MEAkkoiuZVWm9e64mjC,¥6683.71,201555399920917
17yGJ1Ati11b1fRJ1MaGbdNe5s5oZ6wpW,$4737.51,5100131068964148
1H5Was4v6nCdF35aPxwFxxd78E829Q9HAe,"€6370,88",3561395363588764
1AsqSVa7ZSpDUhmYuSLhzTrp55QcEjNwru,"€8283,06",676337418054248781
173Z7noBVXZGV3Wf2JeXBqtbnwkcSR71ES,¥6143.48,4913214244616178
148XSjJAdTAJMCyNwu1oxJ6zSu8wDXUJ3w,"€6191,20",30561744182655
166pa7wso2rTGKEqzUuFxeEwVhwVVLA6df,£587.57,36639828535339
13k8a8Ru3MuoR9KWQMp4P73LGdkibWvoGJ,¥9382.92,5362214657348197
133aG1NEi5czu5GmxkPeAFiYPGGwgH7x6Z,$9586.48,490510425798277179
1D9o4ooWU2jFRseiMXftZKtvUaN7MgdC57,$611.26,5610564924387463
1LCv8WS662X38PMQWQTbcBNFU1UUUy6Xtq,"€9291,89",3578913328165055
1Nrxu1UoD2C1ETNULATkFwTu41LkEewgh,¥1960.56,6762077500507077
1DyAMkMkFqeRkbp9Cipiv2ZdDDJuB3aUhK,£3532.01,3543594887643112
13w5GCmHFKEpmvhGKxzBkNUtkf6VAqw1vw,¥3808.62,50188523438042954
1eiTwrCtxrLDWkgVfKRJiFfAVFZdrvY3T,$4966.36,58937218903240533
1HnJVkdJEVseYPSZ5gFb4rgCRTC4VcYz9j,$2858.29,30264304499359
1C7EYEo3PAbsbsCJixHcbMXymCXEDbtP1a,£3099.17,3536118480259883
1QGgri1fRpFZUG8nUSGu3tynUjqnKFrCZF,$8855.94,3551915415221650
16eNa4CN1PC1E4ijXCrGe6VWxVBz7h35kt,¥2770.62,5048377621034318
1JRvXvt89UUCVGWnr3EwMnuL56Ydc245GL,$4553.80,5602235113533312
19fNB7a134SoLb8Bota2bcZHMTZ87RNm64,£491.35,3581427225643069
13wvz4TeyPuCPAVfPMpFTaE1GBPBizpi3S,£4137.14,374288614611076
17jD4U1MjsV9wMd5EYFHLo85QAKwhzs4VX,$3758.58,4017951181213
1Kt9My3H7Nf1uxHjXKfFodsaAUT3Q2dykX,£336.62,5602242459678289
1HQSUaijXwBFqMwrtTrFckMKjxkyTQt7jf,£604.17,36687000045510
19U5yC8oJ1ohLWbkuAiKJgLXRTR4JPZfev,"€8160,94",3560807598222598
1FrGbpwQbcQt9cUW23WbZ1g5WESyGijeyb,"€9206,86",3535584044007400
16UHoyf3n3Zmt1e1d2P4DEUF76S4Bxiv6,£9984.14,676143155055385600
19wf1e5shzT5FvpF2EBUQBsPisd9Zxwv83,£1101.31,30138291158253
1LzUccGnF4zmG5Q2GeGefHFFPZiwoHcPyQ,"€2215,62",3535288870235859
1EHHeZBvxVsM4HFGSeS7e38vprN3c9cwcb,£5885.96,3577461576396569
17SEdbw8598p6Msu4tMdM6xBeQB7BcyaWr,"€7322,39",4405858973398880
1BchFx7abZGKJsiYXmGLfKGNNE2jGHVgBe,¥8948.05,4041599751716
1MR1348K1E5B6b36H5s3jg4K91h1tMwaUj,$1446.81,3575959156445229
1C5SHmsUyZEkajUEXvnppMBhL9VDL8Pvtt,$3341.98,3539201023111832
179MsFe3Yo6i4y1nLQe3jRZzw8gX5GLpMz,"€7176,56",4405871661965498
1RHRB9PuCQMrg8Ecb7A64Eq8sagWKNbx3,£9801.00,3539701802411766
1Jd7uizqtRhA89Z1XEixcAPjfwJrFjBk9P,$1380.71,3555848651195963
14CtRzECCMMK64MY14BsTMi55Km94jq7A9,¥1289.62,3555895178615247
1FcKPvddFaMedn9xkoyncgzpV2KHcmYyjY,¥5898.21,201826501563501
1EhpfB6USXrCd989SeHFnada8JVXRmDEDS,¥150.99,201512897872876
1PoQAoxN37yj26C7g92Uoar3bUx7pfwvG5,$5441.23,3578539326457267
1EuaMFVYRQhZmweRW8nCJRjdQu6wxprK6s,$5557.88,3533112510592846
15AUio9oN6WSjGG2kV7D7UA43YAtTLpKQB,$9956.72,6709612604372490580
1DhMd1c5qjpGNervZMDmDSua723yUPc5AX,"€4516,88",374622632726963
14UiYTfPuB4HRR28dnEni38L3QTTzhavRc,$5296.25,3552382205479759
155GKdRSPeXWBzqu1n6eVHZSEDtHxZF7no,£9199.83,3551457261417652
14qbfT2KFH589EckCd77FdXpzyrziXXPE9,£1455.62,3564234615238646
1PAQ4XiaDG7YkKh5Uc34WQUsP3bZUBkm5D,£7458.54,3575081206462318
15AbmEXS7WC4t29LpnFKMcVk77eVwFQB8c,£5086.19,5100145769223901
14BGZmUPez1NT2q6CYHvsKtSjyfDVsb9ZK,¥1947.15,56022198701188979
1BmfMEdcEFpAxTd51XsYtUTnQNzUz2nhkT,"€3765,94",3548560068141379
1JDxUQHfZeUWRbhbY7Y658S9NSbzfCvbQd,"€9337,10",3553502926321662
147AYRh98jkcMogkwjdQpjmzsi1jxn8h2K,"€2869,00",3583633204699455
17DbpfmE3t2BzX6myhtpokygRtxTWaPaUJ,$518.58,3572715128993974
1Mu5ZMrxmuApszbzc8T4581oe1xefwc3rU,"€3348,76",3543975449568725
14UVQCu4pMS4P6C3i9acPyuvGuFqz37Zno,$6800.35,30568361482219
13TUftBAJ3sP5yE9FK3mR8KpYL8zkdiYgu,¥2955.17,3555303394725577
15SLTXffSkVE1xgtZ5JYaMphcaHgDYRMGd,¥6866.74,5602227220922876
1NR6F43MJYsewP2Xp4FtktNiJmkARtWBTL,"€3756,56",4026396882559275
15FXHdWKFtWfWPFeuSxURL8wKFgDdup1sp,¥1160.76,5893506922857567447
1B48R5vD21D3bkiK9Z1LNmd6iTQBiYqVkB,$744.95,676345010842947590
18u9AootRT7xMToCooETK57HheScKxkKBH,£6041.90,5038616727012187
1NHt2xviexaGsfnHYzkaApTqk8e1Ta5p1K,¥2313.08,6763788908189567703
1NFyBF5cb3YBcSfXq4quMwoP3imapbFggB,$4361.26,201406753287966
19F3sShdzBbhVM6CHEakPoCzL9Syrc8DrX,"€7090,31",6334075025475761
14NTtXNLiyuHUKEgMee53zZWTv3oWx83Vc,$1680.54,6392492709347779
1M98CTfs4yAPDEE9cfkfs1GRJ3faeHTa17,$1510.49,5602251660460957
1MUvc677oU5LSsNeTtQV8r6MVMBP6C8Reb,"€1820,63",4844411894084533
1grZYjuVj85YHoDLMKy2qdHYPrv3mhBks,$1304.07,6759589754492500406
1HqBcoZNuCFJbkaDrSRLirEj2WifeH5RFD,$6810.88,337941990384850
1Prpwqfj2bF1W8Qrjg46TVCYd88SGHbg5S,¥2868.49,4913227088574600
15kPjDtCrjTn7FHMJsAxa5wbErwZ2PmqJp,"€9931,59",5610197349233861
16eafMvfDeELfqrxF1Try9f67UUpBNpAZ,"€6008,76",3531548985681287
1MWQPzHon776MKLUtiLqwZUdmEdC8nbc1z,¥7733.92,6333316306644837
19ztSMC271ZYbyinLZuZYxk1L27QhJQyBo,£791.10,3537117780554620
1BLZgz7R1xQhbpD33cZsNbcbb3Sc7vxjiv,"€7588,97",5404113249001472
1FWyBSnVC5XRCctj13PRHghD4LbMn2pSeq,"€712,46",3579429274796636
1BACQ6S1a29hpMs71Dhzdi9tmGxGNd526f,"€8293,57",4903751316382851253
1mS1Zn1red4AH8sstoA47ztWMtV9a5e45,$9496.86,3542268880991825
1MX5jDMr3uACuxsAMQP9C64i5B5zmmfwqr,¥3868.06,3581505018728484
14ap9UHceKBm4RWqzpyYwyzmnx8PP4qw6j,¥6201.67,3575867923696596
1NcpbX9eVvKF4qmpCYhBbDteYqU2aFxhQt,"€7413,69",5048377108455705
1DLePvNGi5WhLoZL4SFK75X59qfxbwY98t,"€8295,16",3564628820419315
1ELzc6WqFdJaLoEyMkh4FUx4B12DuxHSLK,£3255.15,633305952475173219
19bktFEMbrHNm4848bSEw8MgCZXYWdGpWm,$3605.12,36803719839057
1PTCXYigv5s82X7jEiRbKhfSUfBGBTHkux,"€6015,16",5584505435576344
1KYxyCCTxbmmRxA6jA3ZLvp675hamu1ufG,"€1104,74",3537287922771646
13LkLowRrQ6UeCL3LLHvWqJFzz2Rw7e2Qp,¥1574.40,30154562557685
19boRpPrD34qT9d1TTzBFT7qejdwrMKhgd,¥4680.52,374283727768384
1KNiDtQZAsMSSV7LQ8pEtTdaS3zHb1Ys1t,"€391,63",589399272360647578
1BBpnXAEDc57rHhfLQkYTTdhov9A1zwzqf,"€8771,49",201496376087117
1BbT8NVxiKLxtqwWfBBrUHGdyRg4xPSiVV,"€3226,72",3577135002240308
1JbZGoZKbtuzHCWN5zw1AtScRNTeU2fCos,"€9986,12",3580932002724140
1BVnBtQx3TtQgihvr4tKG1zuKUkttNJtG9,"€9522,48",5355230475353689
1GB9dgXHdtaHHjp6GsfxxVwXyWM43KuMeT,¥4834.39,490314077546959901
1Nr2nyVBiDiM4aVeTXAbZv9ZD8A1JYPZhK,$1063.69,5002353539702365
18c7DyLr3D6Q84W9tUb3r5xQ1LodnYNCcB,¥7454.58,5007663118737581
15tPuD2kKyKypKaznGzoHY58H18bt9ePSf,$2660.90,3547691619528300
14wxf8CV4RnsQWVECVyMdqwfeikRNJte3U,$7475.42,3533405965106314
1D37k1bVGQm2uPxQrcyfRVp1TArgBPAtCw,¥6624.76,3570648330459306
1E775XzPpUVJ8GFaeQqBgwYHZneb766BuX,¥9357.04,6709149976139028
18w6vjkdnhnw2f1NdwpfzMZfVkHePCVyR5,¥9831.81,3573672541559982
1K6LBviktEuyFB8jWs9H2rG4hKyffBrf4Q,"€9267,89",5007660496572630
1GLz32bq14q1efLF5H6KMD8S2Va1y7zbUq,$4886.26,4917302190510879
1EQfacnGUASNYaQwbhiW1T8LfrsSN2jtYo,£5657.79,374288199839480
16sZADGYNzj9zHz7gRAFSABkMyrYK4x7fM,"€8097,10",3567928000509738
1HFYrWh3KAwyfvvFi5SS1tRxFhVVeoN8jn,"€74,19",3560463856422353
19uuspaYarwwGNV38LppLXryVCoBXHSvUM,£2338.81,374283608002267
1P6eUqc8k9sYNfx89uEQMGxbdjvr2S6beC,$2398.25,3546903128308608
198JdinoTEAoC9j4Y1XeGxok5Qhb3qci8p,"€3817,83",4222681926792
1RF475wVZy3QgRJJXVctcWD8b3HcHFths,"€6535,65",3528109483774564
1RZpF3KCw3hmyb74ZAH8ed48Bd9SoJYPe,£8348.28,6759817599756082094
1BUv7FdVJAvguhbdUTcD7eug6fU1EBbfoV,¥1044.89,3535458573524939
1EFbyHodpRQR56Wczerekyzw9KSevshjss,¥7902.79,3576696739758962
12zr8aLdpYsDBUZzoUC8h8JEM4FQrfLXas,¥8316.49,36497538881166
1M8JrXVUGbsysSN8SDmneqasPgemchb5Ft,¥9825.28,3543897415687166
1wud8RNXRiJhPfcnJKqUNqSABuNfHd9s5,£9983.58,3554708146111606
1KKbGqnGzPHCnRAsXeftX7uKpTeGFrTPUe,"€5586,41",490556984931014332
1BwAhm1oaEPTYXZ5eYUSz6Uyc2oqjBRHyX,£573.58,4903663348908273
1KncSRxr21ALpC2f9WPEfj6FMgnKS4pKXm,"€5403,49",374283817743404
15nBnpbkZK5mhd4hWdkdtRL7jtR2zTA61J,¥9381.24,3552476156649574
18BVjaNYv3aPhWPJVjXLDdNYufQQwg8r81,£185.20,5566355863591452
1AeDFVaxLCCAzbhcfk3r2ZVoQ4fva65amT,¥1418.92,3529900228824915
1PZVaMEfQLdxN9MkW95SBf77F1p4GuqkMg,$7023.24,6334933927349637127
15QdEHXxL9mdQ2Goos21tN2HTVKXXUgWqP,£7292.34,501830903984786937
1FMqdLb4fmez897ry9yhbKkU8H44wTHrUr,¥6906.34,3542399028026263
1Q98Pzpx2dp6moT6niT3T1be3517opXYHh,¥2547.67,3542337966845385
1AM1REZP9RsJ6PKuH8tBCVP8x8fKcUtodS,¥3027.10,201517357638139
1NVUWv72aPJcQ1P1mb8KSThcby5H2w4RWS,£4149.53,4405887547133861
1323SwQG9pogb5qUCFDUPEsMAZ6xy9dmpH,$9935.26,3544372105101042
1H67uJJqiPuvkgDNbJRPDsf4MFpuYhnVoo,¥4011.53,6390584932470683
1NzinY4GearJyiBxtYWGBbUXU4TTASHW19,¥3466.05,3544392827350446
1PVhWcKkjsbsCDKRdoQeCX2rWMvfkVug7x,¥4966.47,56022339773576838
1M6sNSEbzQZKgHkqK6xj9pRLssqXEqUDrJ,£9886.07,4903048929932274
1Pnv7xDSGp9ecU5dVorSMQTHkDHeaHYfET,£6201.89,3535635137298817
1BofPo3iF9zYon5rM3pJS2HCR7KophN7vm,¥2673.66,201787264406629
1Htf5swgvKFEy8S9UNNpYg1tHxLe9S5Q4x,¥8608.38,5256001669250860
1GduWPv8PY8TQVYybu4mSTsbJCM6Ao4jtQ,£8577.78,3557572218737921
14DaGSmacJmAVpECwgDWPyFnFHmQX8a6TJ,$6107.98,5268015843557707
1dZoSp9BgsRbHnDBe7XrzP624gAECQ4jd,"€6020,79",3541993803752084
1AuvcVszAxACaKXCiffFjExrAdgAayBrG3,£7311.11,5602238454546455
1G77bDRa9ect8Q4uvrT8SAVGmXwV5Q9rhT,£7665.37,06041074344083079
12hE2H5QrvXnwjiauo3qafFNcqdTe3u2H8,£6628.39,3529198224156099
1DpcfBpKcgj86SVFN3g5npCZjt6VgfhAjD,¥671.96,374288068885671
1D7S3pkcEK2jevq2DnQrnYR8haNZ2ZFKoi,¥4770.50,3555938627647237
1PdgeVV4oGgT4yMoe2cJZc29gragWKPD9i,$7739.09,3535162682703000
1PWhNrqHdrxQgJ2XxcSXzuRb6rRnFMXM7e,£9841.86,5108750453769010
1AQ9e2xYWwxX6haPDsYtpWMDganLXWxDXL,£2512.73,3586364282762299
1KfwPrca38Qr3Wwi7S2u6GVYguxdjwCPNM,"€3983,74",3566791190864979
1PmxwypjRq9vTtUANQhmJC2ptfyHY1LM2C,"€2247,68",6762268192962443637
1F6ksn3c8fzbu9fdzMykgtccYX7CGB8qY6,¥3077.33,490539735879714214
16vCbwJZzP4C2haCnfrkL1fKnrny6Ug99z,£9315.84,3585677205689062
14i9Dz3572sQFPXRYoKfnW1H4CwqTB1hGJ,£1337.66,3553430357013881
1CHFLuFmLe3MFbHp2pp1HovJM7JNS3VPU6,£1821.48,30174080969105
14t38kLoTTZ3Gknx4M5jMpwTgJHAvnitG6,¥2996.72,4911516858956041828
1Lw12qbWFPgHB17TA8GhVrYadnwhsxwXdJ,"€7329,00",3570673037290457
1CzSF9MpKQM5FfzQvStVieoKqcV4Qh85cu,$1735.84,3569483153454702
1GnoyeCH1VahkYgx9kmzdPma6JC5M5fsyv,"€2267,17",5007666201047453
13p3ioHosDNHhvSi1rBsCVLztLaf2b858f,$1796.80,374288461724071
15FJTgXkMiMWukqWMov7X1a3UMDmPfV1es,£7555.51,3548642482424423
1HNCh6QeKDGnSm3VMEqiNXdPZcKcAz1zsS,$4849.52,4917448711204342
1D4yEy11URTm138HuQuztY9NJs5r96P5X6,£5786.93,63047055301042476
14vphJ2Fm7Sk8DhbrmJQant3PmN6HhacoU,"€679,15",5641822098134605
1Gti9a8dktssBo8x9DdMM9vKmQYExfgWvP,$1751.23,3545941469491642
1JdS1gbsE3eniXrA1q3SfaAfKk4wXYf6Vy,$8983.82,3547290961451789
1ATJ2WZ8LSHokHJhjJvqiLHbPVbbTS2e5M,$8637.20,3573317795143071
1KnAcpM34bsX4zRDyLc6iCEdkHiMuhDuwU,¥8131.16,3553880404730806
17mAz6gMRF9cKnNbafaJtcviozZYVpm3vW,"€1461,05",30541054428427
1FoKNjnDfkC2kgnv9Yt1qA2jJisvSUtyBC,"€3460,90",3541807673029276
1fGNF66P7WoVy7BA9mPnZVqmNGJv9XWkA,$5652.41,30052551332336
14gtkhtpxSoU1t9BNB6xwXzUrHZnQTj1ob,¥7625.12,30512040254888
18s9zEuCBFKtGi6L4aQfBBaysXUGx4WPN7,"€6370,49",4911816134754399025
1L9fDKHR1jU9cFRNQBJyrBqYqh4DNbQMF4,¥9914.85,490581967577902026
1EM7qwuMCQWEaZ3EqqweD6o4CGBUyKeTxG,£1072.48,201411064100080
15jAdj4yYepWoXT62qxTBDsArS9CZ7xNyP,"€8486,69",5602237713791233
1BYSDKwXnvQVQVCHEQm3KmJ36oAihW5mhs,¥2760.07,201533009603363
18TNnoqRcE1stq4K9a1T5razPuArbBVKjS,£7722.80,3541829156000772
1tYc3yG1AtrdPB1XomczUmQpAcWuVNXzV,£4343.06,630495188635308975
1FtqsbtCPnhP2tzrNh5GEmGpX1Anuc1EXh,¥1741.06,5560456166381249
15FEBNZEz1euSHs6VGidQA48sF9BnZC2vs,¥5968.96,5002358691691074
18CYfYE7jQD2fA1ca9vxW2mEohXCzqrinU,¥8778.17,201811236816440
1FcxDUvsdiUXZmJp2AasJY3zYDLhj2PakJ,£3400.77,3567650703765199
1Cx8wojrF8kRgURLh2AWFkdvHxiWNxTD7w,£7666.74,3562674819927290
1MLxJX8H3VHhgN2WUj6Xfo7k2ReLrb7YAH,$9254.26,3554368905836479
1PhADYaCk5QJNb4jCDWTYizEXwZXoZNGcK,"€6132,61",5193948815206079
1LyLver3ffB4r7f1LvWxJi9bK6AiB54hTC,"€579,61",5193491734813147
1FmLeQsv2YWWxLq8rpqkUPfwjBpV4KH6Sx,"€8741,60",6304221250930370402
17aTYkVwxX7bsbKnkrbRdxfz6czZA2dizK,"€988,92",5007668632171662
1jkSMWythjmUJm8hcJVSgwqjqWRU4rarD,$3572.08,3536038913929987
156NeqaxbK6WgNi7WVm6sQqPwRqM4eBtZD,$3639.95,490374715571710189
16U8XuDGcFgJv8SUgTNBgzjWKgv8M51Ggb,¥4067.65,3576683931645981
14kJKCBjUvQbPKr1LUxWGAZWMQowiX1HpY,£4117.63,5108752315969424
18U3PqzxdoxMpMC8GoF9MjhqMirB8sgWaq,£8970.75,3556293638748593
18dbCFg1DtsPs26NR6QRbwZQnTvdMvv98Z,$1129.14,5020314380163865
1FeELAUKHNz3rbw4ZfnoBio4gw42EjHurG,£3679.24,5610197121388990
1EFkjSF8bGn3FiHd9Livc1SA3xutCGCPo5,¥3296.84,3557701569716693
18SFFVgErHgnfeDsKr22V79FmWGMXZEBMb,$6522.05,3564104004991529
1HhJgLzkVCePRgZAbdqgnxHpMnvyVSMPTA,"€9053,44",3576840459687791
1LRY274qeAXuFKfncPkmieAnga1TVkafAw,£6966.50,5048374893722928
1AxKJHU3i3UTLdf1i5VUwj9GGaXvvpbtza,$8211.88,3528837096204716
1DcZZGbbfgVfeH7CpVypsjiTECht9JgSoc,¥4718.09,3529745408399992
15pBjaaVmfG3HbXdKQgjrfcdy1ptcXQE2f,"€4346,62",3574783643695993
1JtBDZJ1idr7BrnSMfvsuwM5Z4XgNdQee6,¥4680.16,3555280384029022
18pxJgn4FZVmEmNr1Uc7TynpFxoerbnLgQ,$265.24,3542062668172488
1EttGCUQMn1rtKgkHEH57jNBWTBE2X1DQ3,¥4961.88,5566951327069653
18JeY3YAVAySeG66Zs7vPCvg6LHvBvxKM5,$5181.40,3581088952822811
1ApRpEdGpE1GfhoBe8avWbr7cysULHJcHb,¥744.80,491144239020445609
1LHJt1JrGJL39dY1sivqnSVFmomuy5scp3,$4274.01,5048371006457178
17cdqwhM28GXnuTVnzRmxm1rUAFZmT2tFF,£8622.81,4903633962003812523
1CiXE3xKRgUd2v5wcCQyAJ3X4AHNZvsuL1,"€554,19",5253756641312293
1Luc4WnKvzPPvrAt57aRDbkJbtH9haDXFM,£83.03,6762191810450520
1NcyrY1LKHgXnghw22i7yTGQQHhmHMsuQ7,"€4445,55",30376695130698
1ND8kuVrCCNBJmrANszdCquiJjgyrFTyWm,$6872.83,4017951851485729
1NTUsQJRMdursaw1Ct8o8kpWxyEeRZJVit,"€5579,10",633468495435700708
1LZXptkeVpBStRNoznniMJRa8WWEYFUxzn,¥575.65,201853252811871
19D6nnCuA1vtpUWR4NqVbTLPLShGAd2qGq,£7086.16,5641828559613036418
1EJySsKhu5sPA1uzPjseeySbYAXhHMGUVZ,£6371.40,372301934829674
1BuShNj5RdsPYddjob7tEa73pWdYshmH2f,$6282.88,3588821478733960
1NjPe121bzenuUX6PYrXYSstmb6iEjgCRd,$282.87,67596227158819084
1HBZYdcuG5qaBcuLrTVLrFA2AM42aFvSED,£4654.86,5602226556989877656
15zPjJa3ZVungtc4t7VYUhHMW8Y3LXfrsx,$6511.08,3574380605397161
1L1PyMNr2ujiLpB2DtQ24e72EjWqnhXwoF,£8332.93,374288882875346
1Nd5dFwaGE8yVVDQ74gbtMd3JNWwYL6RAs,$8658.56,3564667317272456
1HKe1EnjQAjUWny71qhpzJzPTM8FhNNGo3,"€8708,02",3550151780444724
14nEixhy8JrFcL4pzj7nqsWrioABZjYMhN,¥8987.54,5010128071241885
1Ahd6pxdzUPD1nVWDhjwP7bwWWXv7q87iw,$3372.16,3568894985313067
1MNfu92jHKAKDMPKsCNTVstpkX4UK5ceBM,¥7728.94,3574140785713854
13vFL74wSsyJ2bsDELzZXjXwtT1b943SfX,"€5046,46",201474527918068
18UPL9MMLwCEkeNspd4PwjDN9wVVYKC5fb,"€9746,12",3549304063509440
1PwRna3Jbr1XNKTj32ry1Cq1gecGL3DGbP,$8517.47,3553758843351618
17SgeZdkdbqLgyHNwAyPgVQ999CyA2ExHJ,"€2210,25",3579791322822270
1FFFaZjaN9BUVh8qPQD8NvEwCkuwiM22eL,¥807.36,5010125382653824
1Mp12pNAgA9gdono2kwp4sJQZzrLHFnLN6,"€868,05",4917794546645450
1KBAzzrutBDrftJ5F9rfQBLCmLxW99vNEa,¥4874.51,4175008641991009
1Cj5mkSisRxTzXvxoEnEHENtwhpWmohAh5,$5615.96,201535531123372
1CuK5GTnWug963N5w5tM3ea5CR5Bu39ZDc,"€8584,76",50207521086601235
1B57oboa51KDfA7MreWLU66kipDssDfZ16,"€7147,86",3540548971279020
1GGMxb127X5Tdn2V2jmrjAjc6joWBhFCrv,$5284.66,5484992057420467
1EgrFi2bUQk7rDtV4FFQEWuntADY46dCH8,£8654.28,3557435125917749
1FTVKhz95HSj7r9v5vNpQo39HLGfUPs2iq,"€1537,13",3531006018693589
12bu26ne4hyP3xmhMQdaGk9PhteD2qmRf4,£8511.86,633360001423873918
1LWDzHWLwGyx9LWo3rgaGvgjvUY49HqJEH,$8093.25,5100148125447594
1JFKX9pmEME73fjzRNY3HLoY4s14U6Bg3R,"€2944,32",5100140747171330
1LC31yhiZcFW5JczvjNjHvmLTsJGxQcQmz,$3237.12,6331101697901539
1MbTQpzZRz1hgkiSAZBFn9tUwZ17cTYaoC,¥7625.80,30060424274494
1Dm8xUm66TbBga94wdzCG7KWxBi3dtVKef,"€8819,84",5602242717254692051
1M2FBvaXRg7gyxMjxVnGCBUGfeS1eUKvar,$9731.67,3552673485610406
1P9LACKbuKffamHePZgoUaCPucYa3i9upX,$5274.01,3573040526477440
1CCbX1v6QRyA1NCAcKbySj1b33PHsy2R4q,¥2882.51,564182989355267765
18uu2zpSW3VXssyfnik9kPCCynRmLsVA7P,¥388.58,3589742336074125
15Rb7rCefpukYy9WjS7VdkrFbfgiB6Gu75,¥4272.39,560224799410073415
17gMWSwkubqRXeQ5RXKwsATBdcG71S8vPW,"€1168,91",560221871321096166
16XN92riQH9GDCZsL7fRw8Y84mbFRUpeCZ,$2065.77,3563571838409962
1GcGTya2eNFobYGkfF3tg3Y7ufTTwjUMYc,£8709.02,5007664915184886
1H1VeFfCccPZvjnjcCAEmHNgtCSht7SbpF,$8116.27,3528216740412357
1CTwYvrX4zbvwEjqn92fKGtwBwC6nsumX4,¥1225.20,5002353617877741
1DGrmaLvycbo7T4HWncGvp86rd6JUbdHwG,"€6824,67",3584781268873927
13NRnc91R7rkFbPq2whSCYTZvEm8QFhQ7X,"€7727,25",4326238239649978
16kmkd7GUrdJfYFswaFGC4Hf1teWRywUye,$4477.92,3582710756798348
122PSRvS9bpaDPwhcY4SHhZH1Wm9FL7U9d,"€3333,98",4903610894671391
1Bh9VzXhscMn8aH5gqdSC5FuNabYQbK9fW,£2970.75,677102315471028955
1LPs3PSG1hL56WgdTYajXMhYLqxzEP6U2b,"€3579,61",3546089690678642
1Faj8ec7s5vnKu8xwpv1TDZyULJsHbPswf,$2771.03,3548864287855409
1ApJAAoTP5QkQjXfzV9kUPEwmH1p22oXj5,$4775.33,4917318599135902
1KSWD1nWhBHQsd8KgBoyo4scBbyWDBRq3E,¥5858.15,3554018514346077
19AyiM8ddy9J47EKnYLFXQdC9KbTPU8wGh,£9204.79,201513540052122
1BBwvsophkwnp6Hzp8QRhMc2wcGnnrYy3q,£7353.88,201583165293533
14qor3HYNdwc9w3jTsV9CamkGgWj39h9i9,$402.62,3544816178501538
1Jzpg9xdpzrJE6HnR4TBPoFX8cySP9RATj,"€1166,12",0604410103425105
1HDfLUQdzPa8kDgm8gGDZFApNjP1pZt6zu,"€478,79",3583901936204146
1LrQFkRyuig47dmYQK54zfJ8Rec5btmUbb,¥6724.96,5602235993797699791
1P6Ycbbwt5csP7d48uhcozrwT4cWxRwzoj,"€1424,59",3552459421094594
16NLdF9MMvmJeubCAWTqzTaXwWRH4wZf5i,£2195.88,3547423668265125
1GCCGV6SSF56E6wxut8ftukRpkeQGy46HP,£6905.00,3570671244597847
1C4H24bTt5wq6uAYLeYQCAVyMb9oYY2Bmt,"€2418,13",50186612865399086
1p7aUw2ifekr2mazRqQjdbGQXYqAn3N4g,¥5439.30,3555311062274760
1PwJ5aCrpwnDCrK29XaW6qL8zrK22oKYxB,"€8190,45",5394683984434387
16FXArVF7CJ8ytxtdrVGwzfRcv2JgrAzt6,£7573.51,5328029950490667
1B6KvEWx92NTuD7qNFdG6HXv7YQkkXEefQ,£8103.13,36031162883121
12C8C3xhM5U6ae8ZLLn5jK7zNKXYX6C9ay,"€3368,07",5523392159006533
1JsEPHNK3q6MKmy9dukAdYko1f3uifnPDi,$1574.22,374283193171436
1Ersvh3fDP9arPZ3YAaQtB3E5Rddb6awe4,¥1797.33,30393959949119
18EEk4Vw8Bm5icNUZAU9Xdoo5rVcAGKBRB,"€5717,82",3587613011860900
1qBAxjvyVs6U9jQk1Bivtb2V3VnUiPVE2,¥4129.30,3543826977067038
1DQ19A6DTWDmLA93Bmj1huJsuyynBJMx3U,$2963.92,5602230025909577
139Qy5uW9Aypusrsw2A239MLHkWegZkwep,£1850.08,4913476894017326
1CyHK3PmW2aaSHEXj3e2EhRGhVfarqfz6R,"€7784,36",3548516889036693
15F1teX3e7xQmWPXUtJ6F4pxwNFjRsdsQH,£4138.34,5602220339484342
1JHHQrR31QEAEmVdWQ8jLY5Tz3seHREMyM,£8815.53,3559837459890137
1AAiApLTwVKtsYCaQfjzYBae9iqjbkds8D,$1351.57,5610429972587713441
1PzLsELnt4N3cPN4WpZmsHKsu3jK6TqN16,¥7079.86,630405853441734693
15ezce5nz6X3RoZFpBdoXysyR6j6gZ27Kd,"€5710,48",3558198978049643
1NeDXB43LBqjra8b5XoafSbYcXhDAGdjXx,"€3508,07",5594496914245403
1KpSkGQPdh2xYf7jvA44uMnoaabZcVNFSb,¥6179.41,3576036889702132
1BHYiHhHwg27CpGpuf8SaG4d7VxNCZRWEd,"€5126,58",6771562838034521
1GAJWdUQSok3uuP6s9XmbRJFftS5w69Hc6,$2852.54,5610178493335249
1Bj8x7FVKrhS99v72nqAi4DzV2oRpzSRVU,¥4355.55,3545458239344514
1GNE2u8Lu69TjXLVP9GGGfj4uT4neEvLa3,"€3328,49",3585258885498304
1sYXG5yDWETPJu54zrgyaLiYU6BGEXCCf,"€2614,26",3568755883425305
1QFq9nfhXUyUKAfW7ZS8RKUCsuEpTT5uL3,"€5815,63",4917647761399924
15Ur1XJtkgbU6yf8WUwLPaZitMFeXxNEJc,$1793.00,3545968259524670
163o9yc6NtHpX7vXQt1chK8CrGYqdp3afT,£7319.34,201902581750530
18pyTiLMYuSFwEkU3mUvwR4c2sp7pxcAFo,$193.09,3563782905172520
1MGNCfMY1aqKVca6irTM9SC6bDM6yn1qoo,"€1066,24",4175003085040488
1DATTtLguv9Zwf6tUF3bZh4dGZLnF6W2uY,¥2091.92,6763707136641171405
1D9Qmpox1RdtCUTuVHpPFCLFDgzcegLEn,"€8307,39",4508991152588413
1KN3JhV5TbQKetd8hRsPwaJ1JsnGYB6adP,¥4661.78,5602242183100014
1dxRDv8b1fH7pL3etCuH5EZ9NfPtiX3N8,£1565.17,30250759200087
12DTgtB3gRRktaXqfqmVbcBvZc2qbTUmxZ,"€7198,76",3579201765140685
1JmrhvccAwRWLxACsA3Fuca73SiuySAa2R,$8399.23,6334765145661056
12YjWGPsqThJTQ64uvYEe8MURycpJ4aUPm,£2053.29,374283491389300
19YGp1RJUaWw7S9smueZVDS4ACgBqFyemL,¥9336.83,30463042026538
1CJnXm7WAS9K3X8SvHqUKrytPMsFCKZbnJ,"€9483,84",371953604801937
1G9XycF2WtyHHuC6gQ54CQycoFLvRXzcpv,¥1450.79,3574944536426439
194DtHNgiwBjk3E16Hz6ZaueD56oLda9xT,£3511.78,6334213513588943748
19y9NT1rytMQwBkUiYAkiK6omkWPfUBjxt,$896.61,201426778070072
1QDNLzTBptFAx4DgZHWXAjYdM7u2CKd5n2,¥9794.23,4405376994479753
1FMmiMYHcT2fboKD8F91PqXKKxV4GXvybN,£8593.83,374283592404412
1MEEN9XRpYV6bxHRvTFE8rdtzx9FgaTM6F,"€6303,39",377717125548838
19f8VEPKQJZupz154F8bN1d9iA7YKQJHco,$9122.80,3579764225928437
17NLQHTMHyKAd2aCCofpqkhg7MNtcXRSAR,£5713.56,30152704132961
1PpwRVXcT68Ln1giDMSvftprsYqJoBhMn,$1387.82,3537751769870829
1F5fhg5kz2DYfHRGJPue2sx98A9km1mEV3,"€3425,52",4017952105938943
16Cye1oaky6t6RjXpzYahLSUuAoKzTtLvK,¥4506.92,201841881261147
1GGEEMZDfrSYfhcMgGnEJAnamHTXKygQe8,£7428.26,374288567080741
1KBrTZe5NNuVw8pmqN2hMePhq4DafD2GEL,$1427.59,3558595486559890
1DeKN7FANLVbujVW1eSYZQVvuPrAho6uvg,¥4275.57,3563109126077751
1HLVto9cC6pjaA2hdHSU4x3R6MdQadf4i1,¥3963.51,5602244371553376
16aQQryTYoUPu6n49V3DUQddgpv1DDcbZE,$4421.02,3552093916770184
1HH5u7x3okAEgCXgQJetoq1BJHAKA8gQWj,"€8781,09",341213339868157
14WBbm9JtuM9JdkVfWy5Haj6LBz4eYym6i,"€6093,16",5100135177191634
12fjMZtN17SQDUttoWNZT4DGEiVvgZGstS,$4984.63,675989066930487447
1NQXEKXu9kFneoGSL3gsQtj2ScQVzF6Lem,$4708.39,5108751628390773
1MGcKyiPSRwsZfw99Cn7dfX4ESRTrko4zk,"€9824,60",630471486103539271
113khDfyY14uLfB8gBHALmUzGfUwP3ovtD,$3552.03,3579330486856798
1FjiZJe7aN2oW9NBjF4rXHHEovt5tdPh7a,$8022.55,3534349123778854
1E2mAgpUMdB5wujwu8iePoY5khwaSHy8Cu,$1135.91,3535599841861049
182oZdv19MgWSBaTYUXVBWTMxtbQwSQAdR,"€8248,35",3539288297097680
14z5BEe347GqLTWE5ZFMMGhKPA5y3cW2rc,"€9186,67",5105688923823459
1AoEQDMH54wM41PDjrLevM5YKoM7sKwMB,£2568.06,374288426753181
17tJ2YGLdiyzpg71JAe4o5HmAyrsM44mS6,£9907.80,201609246899772
1JfEAdD8d682fdcAXibjPeczo7jpR1Fb1r,£8240.12,3560813076407784
1BzdGDx2naW9N2XH8ktkuL7gjJtiyPz3sx,¥64.87,5523761537611836
1CDDCxo8r6LJzRnPg5dW6iQfrPq5yz37qo,¥1998.45,3561455855817954
14G3rzX3Ur2kT2Y9tQ7bQjQh1r5a8m5pqN,$2533.71,6761066468109836586
1LRLNaqaquCC2bqz3rVCzFFv9t4CftTh4J,$2201.83,3528932355260697
1J4VmbZgAn7LQqHQSFTJY9cWeGbT6UvknF,"€9433,13",6304364277069825234
13NRJiRHNP9kciSUwfBTyRoKgXzsitA2K5,$9874.18,4026947733352557
1PXvzyPF399XohQYAzAthXacrmVxfdniTd,¥6372.94,3562020950420580
1BFb3bFwiDNfs5usG87FGX9J9eD8WMTVrj,¥8717.68,5100141030427553
19teoeHzbkui1YBa4oXHk8Eshr87Q7EsE8,¥7416.52,5100135180296461
172zwUAwr88kJGY64r2eM2nJC47ALTCXzM,"€772,10",3549984597818944
1NHLrkV8m1Hf4c2F6SaABBAMfebzxbbHaP,$1053.35,30072703530405
1HHB8TK2iqYd2M9vPCgNte3os2Knqa5F8p,"€7980,92",3548492658140860
19VCFXLLydmVXJa4jiqTDYuk8S3eedWkUS,¥3769.68,374288933460908
19oxdyLcRJGeUcaesyyJ8e1zAajpFMpwvu,¥9920.38,6771563995189414840
1DGF1LYv5QMtBQVCu2GvMcPrvZtWp5mMPK,£9163.30,3581578794625398
1LFq8wzdsF1iHTN9x474fcF9PLcnMmU2gA,"€9971,40",201655129387211
16YfEKf7jbdRD7By9XBdhz4P2wKmPr9CrB,$450.37,3533173077061245
1J6QymchWGjRjUiFsucMWtvsibjyeiGKEN,"€6985,63",5002355826648714
1JfyojaLzvQrtvzzkLpyKw9TMBcGmPkayy,¥2641.82,5602251284094273
1E23V64EQchGaWKifos8oQGjFe5PeSzLP5,"€4893,34",3556473113560628
1AzG4hFAQU9Vk4cJSZKHkJW92Bb1w9TYji,$4750.98,3573220859654068
1hkHTkLqmQksRDbzRCGQ985weRfqvLSQv,"€5956,70",3536507899037429
1B8Xh3gEMjQtkmSgdaWEo1B6yoWpoj2zKU,£1090.89,6767002240010633
138bou83kqMz1mRCVqxuMLNHG56GZKZVaY,$3956.27,3563861509209944
1EztCTzskH5ruyThtNgwYQ6a36mwuLZ1Z9,¥2111.56,372301823166246
16hVbQoe2RVYBR7Vg35R746orBPwyGjns8,£9418.64,3548841324998384
1MwAnDSCQfefvskDgSGBprmKqhBCLT8MJx,"€4960,20",4041599893912174
15LaY9dXV5Q7E6JFvhsECsAqAQYe6qH9tX,"€4370,28",6304457600845426
1Apq3pHQpqTKC9n3FcR72nUzGtPThxuYaW,£3953.48,5602253091965505
14fRpikZybNernJp3uzsS8ytTcwpbj64CV,"€5601,78",3559205121919488
1N4mfDqzvuYhtSF7vHLYSzDmK4zkqJt9Tz,$237.62,560222214364700635
1PDL16Da4RqSCgw1tRN7CZsjSgkfreDur,£4892.25,372301875206213
1CKZR1LQhWGwHJRyjT1aS8wG3WPmYoE1ST,£5068.80,3586988060448380
1Jmz4FMQENDkrtkivVdXM8SiC6ZCJVTDhp,¥844.68,5541649583285688
1GCZKgPV9277czn1RsTYoubCwhbndUvPZU,"€1433,63",6304232254235660027
1LK2DsWBUmSAsqg7n46sdgg4v2SNrqEPM,"€3814,11",3546750658508135
1PD6oNfFEnxMsR1PvUvkjHQdHYLCewLJhq,$2900.85,6333272716093574938
1B2vk6p7usuV4dfrBMLo8Rzpb5NatTmE8R,$1587.16,4913614335644981
