transaction_id,first_name,last_name,ip_address,amount
50563-403,Jacobo,Haresign,18.144.134.48,$647.77
54569-3911,Christy,Derl,254.107.123.242,$460.47
59667-0024,Florie,Prewer,148.80.11.233,$565.38
60429-123,Danika,Shimuk,233.91.221.158,$794.76
0187-0771,Annelise,Antonescu,238.143.41.105,$790.41
53942-299,Upton,Emig,103.190.123.125,$759.53
41163-519,Rachael,Housley,3.188.252.248,$871.72
60289-247,Corri,Rockcliffe,46.150.208.18,$5.68
0527-1742,Ambros,Goulding,174.124.224.39,$726.12
57237-083,Roma,Addekin,37.14.63.174,$526.89
60758-060,Auberon,Boxen,168.0.223.98,$309.65
43857-0289,Cesare,Andriolli,244.204.3.163,$746.23
68180-751,Marlon,Fernie,61.133.100.141,$974.30
43319-040,Gavrielle,Vittet,180.20.70.166,$994.20
65862-207,Alvira,Heifer,141.170.128.72,$584.13
68180-751,Marlon,Fernie,61.133.100.141,$974.30
0066-0508,Jedd,Hartman,21.55.247.91,$749.96
0187-5102,Beth,Lamping,125.152.40.91,$19.07
44887-2589,Sergio,Whittlesee,76.116.223.149,$346.1
53942-299,Upton,Emig,103.190.123.125,$759.53
60289-247,Corri,Rockcliffe,46.150.208.18,$5.68
42549-609,Candra,Josowitz,158.206.200.105,$443.87
49999-065,Gunar,Enga,89.51.64.220,$62.60
52125-412,Constancia,Emberson,58.64.16.173,$666.13
64679-982,Felicle,Cappleman,246.127.246.202,$208.91
59779-556,Bartlett,Thrussell,213.80.235.219,$592.77
0093-1078,Wilhelm,Glanister,126.158.69.199,$722.42
54569-1444,Ivette,Michele,134.85.3.31,$962.30
59667-0024,Florie,Prewer,148.80.11.233,$565.38
43857-0134,Sergio,Whittlesee,76.116.223.149,$346.11
0378-2920,Shaylynn,Dominighi,105.104.251.83,$253.56
63629-3378,Leonid,Polino,68.183.173.70,$310.88
65862-207,Alvira,Heifer,141.170.128.72,$584.13
11673-003,Leroy,Stephenson,143.46.85.46,$951.73
60429-624,Glennis,Gianelli,48.90.168.126,$987.16
54973-0611,Brody,Goburn,142.230.225.8,$663.04
75949-1001,Madlin,Gotcliffe,45.31.218.244,$442.30
65862-207,Alvira,Heifer,141.170.128.72,$584.13
53746-191,Amil,O'Hannay,216.93.89.14,$520.86
42254-131,Inglebert,Houlson,102.102.146.27,$685.97
0904-6088,Ann,Cowling,113.27.40.144,$408.82
46122-023,Lloyd,Colliss,81.0.211.235,$225.69
0066-0508,Jedd,Hartman,21.55.247.91,$749.96
0456-2212,Layney,Janssens,79.49.30.228,$889.27
59779-276,Lynnelle,Ainslie,38.85.34.83,$473.65
68712-049,Phaedra,Teodoro,92.45.204.14,$445.56
10157-9539,Sibylla,Pedron,207.112.216.80,$362.15
0378-1044,Sharlene,Wolfendale,32.253.106.253,$133.98
